Date,XLK,XLE,SPY,XLB,IYZ,IYR,XLV,XLF,XLY,XLI,XLU,XLP
2000-08-01,0.10170557297546723,0.10920776029960111,0.06534048918721935,0.022870475249103794,-0.023032194155393593,-0.006509736418632839,0.035408004560727235,0.1015724991482525,-0.041466285120288715,0.0990205969065221,0.03896067602514597,-0.0122110407045124
2000-09-01,-0.17965726661764592,0.012065437015940095,-0.057230818508246406,-0.10331493077223253,-0.053178717529808184,0.031049958364480323,-0.03626975933417187,0.0186604845857834,-0.0012540705696182375,-0.03168330604851233,0.12282667341756137,0.04033802605093517
2000-10-01,-0.05727723133577667,-0.02297529135624443,-0.0021769970385220327,0.0941121610648934,0.009767908783016255,-0.06864644118623908,0.015053695000470269,-0.0056241718552517694,-0.010104087404529949,0.02528388145217808,0.06686246456494405,0.07348632513336328
2000-11-01,-0.20514677908908507,-0.052451219314343156,-0.07465327076919637,-0.025296197380390906,-0.18432865717214042,0.0338511809648665,-0.09110174418577277,-0.051087120145232645,-0.024793396970697268,-0.03399978428713102,-0.0004572100767701315,0.03450306438593009
2000-12-01,-0.09892083587217781,0.09881020112171512,-0.008268607294581343,0.11192228670015925,-0.07726598442873067,0.054861022456512476,0.01631766924653566,0.08132891527403929,0.06779645749672181,0.03519645620579959,-0.027917834744078163,0.0333522452303463
2001-01-01,0.1912170271230489,-0.028970017246905733,0.047663217384368295,-0.0013403223246396534,0.19115145044327297,0.018166397343656326,0.0724869187433188,0.0013169133864245897,0.11908400158751409,0.008018982732471258,-0.04241611774683074,-0.07019807005937606
2001-02-01,-0.24906141610864552,-0.012138407132969764,-0.09538727074795106,0.01294990734781698,-0.12184382041351272,-0.013761984470777588,-0.019164805830594323,-0.06727886435318942,-0.07140345495496336,-0.059929812826629236,0.02075369151092854,0.006042388985992853
2001-03-01,-0.11460180236183981,-0.03276613634348702,-0.058572908091253484,-0.05445092217765113,-0.07950018930345182,-0.004119516742138507,-0.06420078412890384,-0.033150600136815034,-0.016585506732045396,-0.09833862661640203,-0.021269446693983785,-0.07207220628709354
2001-04-01,0.16169318605031635,0.10660324615950678,0.08836396893734877,0.1117754831811999,0.0463465445600193,0.03526795102433633,0.07402054667504254,0.03960008894334721,0.0485086077568091,0.11750367472674972,0.05568499050647202,0.022400805557165615
2001-05-01,-0.04095782969406159,-0.009447396659413188,-0.00560608535597551,0.03846189130139743,-0.013773232245975042,0.022880251329345347,0.03819490538569292,0.043999586487101894,0.02380980608199068,0.041849376950684025,0.00701216331810306,0.014682103589864992
2001-06-01,0.019543874789621052,-0.09538024519947352,-0.02659834299574182,-0.03878054893877325,-0.03214754740305392,0.040439730392712425,-0.011705559994744208,-0.01079697245442901,-0.01001791601726687,-0.06381589501778129,-0.05691808639304896,-0.04927618879300388
2001-07-01,-0.06922241370325444,-0.00688968318740657,-0.007379777773503515,0.001707385690389529,0.02497111942041408,-0.0075597120808224005,-0.01956087648060756,-0.005861103571976445,0.046713807655262896,8.547636624589572e-05,-0.001903601457769466,0.03371728096973081
2001-08-01,-0.12204435751606235,-0.042333059582090216,-0.05933294052956839,-0.004090872252663691,-0.10194288834910636,0.027067377982281426,-0.05075965934187354,-0.06612185817952243,-0.08754303642001238,-0.034327408195827025,-0.03563311875611719,0.00479082164793132
2001-09-01,-0.16377032892745458,-0.10128813473447751,-0.085063243600902,-0.12368754842043728,-0.0005925112768613294,-0.04620911377074277,-0.14514361773389184,-0.06052565119265707,-0.12893445465115483,-0.150089998326427,-0.017131485719258488,-0.004370884973776024
2001-10-01,0.10909012314018396,0.04612984339528392,0.016822766574680736,0.033227782620710355,-0.11091356005327069,-0.06106534874985414,0.005520217492459345,-0.009795105545119975,0.05584146313600957,0.022020594701087415,-0.045331550126365805,-0.0032256563185405485
2001-11-01,0.1494148757903646,-0.05584462574553262,0.07797700060796453,0.12677484164591357,0.02580930345872634,0.06854005161217613,0.11600331306827383,0.06494097196264303,0.1331684409503211,0.10004138659446982,-0.012626086080445131,0.04417617776980509
2001-12-01,-0.022004780279343272,0.05283900942133357,0.0021922599259138753,-0.0360029623951541,0.02670177651791472,0.006304792169401274,0.022381997242005847,0.015051881282870605,0.04379516743296619,0.04528281099057763,0.024113427158234613,-0.023076967899145373
2002-01-01,-0.01083324271560926,-0.031606594880036254,-0.00639317610793233,0.029769677123326677,-0.092973386582752,0.01633927384347844,-0.005662358640478038,-0.00709687733088471,0.034488381688323244,-0.06317707827529029,-0.028565258497497692,-0.0031871377342511664
2002-02-01,-0.13016025086010663,0.034174783542660014,-0.01793520100512669,0.05291928567024762,-0.07530631763205986,0.019777506040971726,0.045981902161355004,-0.01730736877219341,0.005416894528061711,0.025048707142648174,-0.0018504724631788205,0.021006950257167256
2002-03-01,0.04939442723969112,0.08486685220883938,0.030318817805700782,0.02729676061719921,-0.007575316772371332,0.045783514680933335,0.05754034825802701,0.06262236105131858,0.011447541011194051,0.02405963108868092,0.04486515828239557,0.013198485833314733
2002-04-01,-0.12090447115985103,-0.03274895267107014,-0.05545719927667325,-0.04403296452092487,-0.1426294531744251,0.017106739450983843,-0.005638919362479844,-0.022169908064181953,-0.026737834678595584,-0.06629424513545401,-0.053079537469100435,-0.03438241561299282
2002-05-01,-0.04146959701833697,-0.017593990751712085,-0.005934351856220266,0.0495788638151442,0.00357302989864805,0.019309138224622213,0.013941096535323938,-0.003022936704911827,-0.005137182822922415,0.004337682664925957,-0.008311146872590713,-0.01114233368661488
2002-06-01,-0.1336254201356074,-0.04239797702249004,-0.07703803142633037,-0.021931318627043006,-0.16777965018213659,0.0011483898199420306,-0.07176399658587596,-0.04700544080341096,-0.054388669732316264,-0.0636045665981042,-0.0761900559530243,-0.10462788368972897
2002-07-01,-0.09481686116033428,-0.13335760235626692,-0.07559519242897283,-0.10896937061489331,-0.12219692111861202,-0.033059260130667956,-0.028657704677568674,-0.07906272350353793,-0.11780217564583917,-0.05431301059121574,-0.1389717550068189,-0.03977920291537895
2002-08-01,-0.008379670271730144,0.0150640991255091,0.006801095638297339,-0.005350258964135879,0.027522409396801395,0.0036106139426481665,0.009672592543480407,0.018655536814205176,0.030176985553671987,-0.015555673233669243,0.03965202961023384,0.007980989516351844
2002-09-01,-0.16690129260991549,-0.07638558494366343,-0.10884727052576049,-0.1349632495698765,-0.16428571354297783,-0.06283742311519736,-0.06484888097177877,-0.11967593871159887,-0.09028844987743423,-0.11873595066051723,-0.1316278900494845,-0.07824815722750944
2002-10-01,0.24767524290287568,0.023977804343308318,0.08713579485001355,0.06341311954891649,0.32360675971939856,-0.02661791100200106,0.06160261061110317,0.09731409722499329,0.06882543828384491,0.05315386019373958,-0.011125953186244986,0.04563115399428108
2002-11-01,0.15853691386187108,0.04129891372442551,0.06168082914284456,0.1203211683362484,0.11958868771840647,0.048406851885585356,0.030901007635971256,0.03723390645525426,0.046281483820706404,0.052246059052725835,0.029056840852733412,-0.02772351615326818
2002-12-01,-0.13450342950013228,-0.004901834447345044,-0.06118354600722664,-0.052983077916523236,-0.0787824807361801,-0.016789879274454744,-0.04117032041009816,-0.0598289283101604,-0.08728273882951021,-0.04454794801598083,0.02024548929547554,-0.002501340557621634
2003-01-01,-0.02101323666010335,-0.020048491476440944,-0.019801053587704898,-0.04269527008660867,-0.044362779946991004,-0.014722496793279194,0.0003405105163925004,-0.006803832763078055,-0.031108873808255666,-0.04869363750181133,-0.011864499674924978,-0.02894782677885288
2003-02-01,0.004844830167093361,0.029398438871937715,-0.013479537335268188,-0.026525390443082886,-0.06662995384637682,0.019341329796477735,-0.022297560771915692,-0.030847502978333052,-0.004476981840112582,-0.015400587164787649,-0.0534760311470317,-0.030633040261301425
2003-03-01,-0.015151493933030502,-0.004016267972828391,-0.001884237979311143,0.00163465157596554,-0.005310038349255142,0.010014974045732483,0.0328562252228497,-0.013776218358030556,0.022032679083039852,0.006778355627043764,0.03954785144519124,-0.005356061851646943
2003-04-01,0.091607954329332,-0.003298996213174865,0.08898530471767496,0.09525751760043288,0.1004456975486121,0.04564660421452915,0.03572507899372712,0.1307833832228631,0.11863867241076309,0.11246960787303095,0.09802359578311592,0.03528532092563452
2003-05-01,0.08584215080390378,0.1061904006472667,0.05483652364245262,0.030938408133647233,0.08121276494249585,0.06220849082594504,0.02065197366362881,0.05092003218536867,0.053170479833122064,0.027102535781354353,0.10105064147231224,0.04916256225956506
2003-06-01,0.007079824505827448,-0.017565243123483065,0.0070134688499476905,0.0033884004355235753,0.03605410360374406,0.002963999483153845,0.041178529458614443,-0.00040735314683482127,0.013088787670363589,0.018653181311535816,0.0049977975665367325,0.004985649650540269
2003-07-01,0.031048972499222005,-0.030704776355609975,0.02170466960190498,0.08468632841324975,-0.04117841621976093,0.07022368368630261,-0.012176244757407306,0.048432457796854456,0.01987316951054119,0.035315241536190145,-0.058949030034724736,0.0030397368208603393
2003-08-01,0.04772751265862718,0.06379299227775603,0.020625858209591952,0.027728417923526427,0.00354774973549854,0.008403289910863698,-0.03703718420671709,-0.011709408351299855,0.05110466908803124,0.03891085698380681,0.019864761738878967,0.016890125013349522
2003-09-01,-0.008677001878753532,-0.02552681282406777,-0.014688406748439742,-0.05004357211582011,-0.03686882395256297,0.015666678003253054,-0.00035948908731031626,0.003553988039434186,-0.04896484711466731,-0.030794969973136133,0.040379848111701255,-0.0073280007763402155
2003-10-01,0.07330412438506873,0.014647027774330246,0.05757077725262061,0.10104692736269172,0.06222070713233552,0.03123592860162927,0.009815153800981413,0.07492474314025599,0.09243414645983572,0.06559882705338382,0.015890486983170637,0.048850630475950396
2003-11-01,0.01427105112505389,0.007825672044202925,0.010921319939226182,0.022584246478034364,-0.016882313870426158,0.04344106795400671,0.02142888913480423,-0.003681302631871386,0.008973259330464778,0.01981416890643528,0.0022678049298852088,0.01177009021294717
2003-12-01,0.024120818289248058,0.12586834760811438,0.04537350641461324,0.0916156105790924,0.06313151557365626,0.022980490835261103,0.05419566976247947,0.03915790112967388,0.037219669248158116,0.06106263270207424,0.05565597815022949,0.013495107003221207
2004-01-01,0.050055007078396496,0.02709665171531217,0.02458827177048728,-0.038594716178897315,0.04198189366061045,0.05685383134985189,0.031109105714557606,0.03886478386745451,-0.0030019518802382184,0.01505254579432358,0.030110883608881478,0.004236650594738434
2004-02-01,-0.025412431261456425,0.05253772058645367,0.013571020878185625,0.05213620956253351,0.03143768627981691,0.01800373152687551,0.010651355545784336,0.0285711334179386,0.021718625547826997,-0.007399380169703429,0.018899780912408293,0.05693315599920501
2004-03-01,-0.026556693356868943,-0.010455437371143517,-0.016693000324934926,-0.026453205581362993,-0.030479481890182014,0.040695526621598255,-0.04407527242003606,-0.016064027167088768,-0.00750182090364071,-0.015653999419918407,0.002472903981432184,-0.006082350394024494
2004-04-01,-0.03819444444444442,0.021363172886929238,-0.015482173321571424,-0.04298117397641266,-0.001647451452301496,-0.13850510863161714,0.03364554906573014,-0.03921077428357023,-0.010012993102604284,0.003096024832281996,-0.03494437821143315,0.016784794236331724
2004-05-01,0.0391954057924051,-0.003016597294276502,0.01712374725289867,0.028089507620803644,-0.0255577810608848,0.06809893694749869,-0.0032405708657615717,0.017069641377147615,0.006371477476409204,0.024621284064362037,0.012026989006559186,-0.005607743158916545
2004-06-01,0.02729573417217246,0.05815154684506063,0.014796684178208341,0.0452776869849274,0.018597676614805048,0.015989379333341436,-0.006501772273900364,-0.000699985225051214,0.00126614941738179,0.059519643052551974,0.00848927369080843,0.001735592817270204
2004-07-01,-0.060869785749932515,0.034917869792080225,-0.02868570880546084,-0.018199206595676864,0.04040373930775809,0.015564284486535795,-0.051028638489037936,-0.01632704979144417,-0.0366713533373928,-0.025890335983007273,0.024039617545484004,-0.04581213349826885
2004-08-01,-0.04423891767983146,-0.015408558434832575,0.002435948083188366,0.016812998534843082,0.005879773470688798,0.0824280335928429,0.01625158249294123,0.03253475562556796,-0.0019724810989173447,0.0007180030697795381,0.04062969325121446,0.01776695677620177
2004-09-01,0.029063463454869654,0.09327156804589753,0.005849798213490853,0.03532506139096814,0.017086322846426194,-0.015412587675940337,-0.020415374047775936,-0.01454233842106245,0.027330055941133136,0.01793393461865911,-0.0019917489263479027,-0.030438290930993817
2004-10-01,0.04393319261176809,0.010022828960055241,0.01710116488170721,-0.004783542231085014,0.022976071244591445,0.06352344708376001,-0.01930565475732482,0.010716493726875997,0.041910633791599095,0.013755139719733966,0.05746577900675054,0.010720076502725773
2004-11-01,0.05110185261815925,0.06744479161272787,0.04143120438541237,0.08134929947794789,0.04054105554344045,0.042463667686664985,0.01953806642577094,0.031107655783838117,0.04189794398954927,0.06278313212175202,0.04453730225969044,0.02477110045951414
2004-12-01,0.006197049885454664,-0.031724897859189305,0.028316429131014065,0.007454751936580406,0.0180135957021601,0.04115595154762697,0.05191676342976925,0.03491588292174774,0.043465415377174965,0.019691204629977976,0.0149415229712353,0.03312473524967108
2005-01-01,-0.03764418078068632,0.03762131585976336,-0.017803213455514277,-0.024915921988168055,-0.04760409189106285,-0.07563295140690185,-0.02816389494084237,-0.01554057301677747,-0.03980764412442783,-0.02310205082060912,0.030932685785880487,0.015876148106883647
2005-02-01,0.0015054511806440463,0.16777672651492215,0.02090383751608882,0.07876463286317659,0.017406684691352092,0.03336292614527436,0.03008609074609625,-0.0066954662568646794,-0.005328267462815228,0.011589248507800187,0.021448794418899686,-0.0012851078387505765
2005-03-01,-0.019548393511412243,-0.02234915381759517,-0.022133637390784777,-0.029912828179095685,-0.020530173783965266,-0.03657930448827351,-0.008961137095603422,-0.04314131657115694,-0.01309545757332986,-0.003928198452452958,0.0034425276334577593,-0.012864435252577966
2005-04-01,-0.03527619509854729,-0.050967705099101646,-0.014880792593707226,-0.06809421875340649,0.008317011241766759,0.06850208428120852,0.03835894858987787,0.007094317283473428,-0.06229376845683521,-0.033101540106749705,0.03869924181630213,-0.006314040048085778
2005-05-01,0.06942294207728428,0.027867053766246208,0.03222408279627009,-0.006426482681058943,0.00871127348674161,0.037464977404646715,0.012621259588508682,0.02953586288939669,0.06183581812522765,0.03171877233503828,-0.0006655040069893925,0.023266457174859534
2005-06-01,-0.012884370558622793,0.06645900984478059,-0.0025108861303100305,-0.024792698097599875,0.01036265925603086,0.034567357954060185,-0.00830958431296347,0.006488951772410934,-0.005762540187978615,-0.028760189827839122,0.05094897157315881,-0.02402438177063393
2005-07-01,0.05672659316925821,0.0742132988494626,0.04245246666579061,0.06043671627885017,0.03875023726115079,0.07668149146868508,0.025674995198610162,0.021639236616167956,0.058285093166398516,0.04070649235418888,0.030849924675311557,0.03706256528645957
2005-08-01,-0.009501299073242708,0.06386539070581176,-0.009374962566479739,-0.04189953486972864,-0.011584911702087308,-0.042920295146138376,-0.003466652451401653,-0.01637180193201182,-0.03291007937746626,-0.02360634296957287,0.006507350240502641,-0.01746155212602296
2005-09-01,0.0023983769945723488,0.05983399172045223,0.0037530596821313544,0.0021874004999986596,-0.009627087876550977,-0.009554430443921902,-0.0085387486154338,0.002717516657971597,-0.03014911707496093,0.012759843410603988,0.03448261366055427,0.009102220991223264
2005-10-01,-0.02296677232989186,-0.08776660125005131,-0.019494903227169513,0.007693054641299657,-0.01737250467575946,-0.020434575569612923,-0.027691784262054764,0.03649023665955453,-0.01856825668052553,-0.010366701835218706,-0.05693035219100917,0.00024778356877241947
2005-11-01,0.0631732878736131,0.014952709714872947,0.0439527582461221,0.07656023469323436,0.03199354865499848,0.04735076444509434,0.012175240206475202,0.04766622761650674,0.03989943519418948,0.058189851633847045,-0.0015900324452081671,0.009063709605110493
2005-12-01,-0.03730966932060731,0.015339095636958566,-0.007177139392155141,0.020559720343573007,-0.042312945283036196,-0.016858032924259247,0.031209664051240482,-0.006276180552302613,-0.013594835723088505,-0.001271331058777414,-0.00031829714027098444,-0.003849429458955278
2006-01-01,0.040573375945966106,0.1490930037645739,0.02944307320132311,0.05648605208185442,0.05837637775514848,0.08721701470258503,0.01625631691638052,0.015419197305554855,0.022960787882701394,0.008890658798838658,0.033339919165160437,0.006763983731714163
2006-02-01,0.002314822453846066,-0.09226512010264754,0.005725178703981815,-0.021423906243406843,0.04926244803256319,0.01772497972180176,0.011515767758144113,0.021283447632187702,0.007222790525438505,0.03110120391927529,0.013063945288962708,0.008573005175094961
2006-03-01,0.022633027919778392,0.03935831532978962,0.012477501321189965,0.04153247476136057,0.03852348401805372,0.04925023574320053,-0.015999906027817867,-0.002451628598505118,0.005676149820308396,0.04031993141277135,-0.05342355636260576,0.0029748854070914543
2006-04-01,-0.013098659881142338,0.05347964627125612,0.01665868461061004,0.040625124877013086,-0.007478800462784707,-0.026682356545885466,-0.027780437468731378,0.04891334481187348,0.012983515385929234,0.02543568161262022,0.023522302685553997,0.015052394615679976
2006-05-01,-0.06498856787699991,-0.027826250359760496,-0.030120714952869165,-0.040298763699138096,-0.02895205112063115,-0.03305269076159545,-0.020974965668871803,-0.037691289053872756,-0.01672010252711742,-0.017086398960671767,0.016283758217849886,0.0020984688604650525
2006-06-01,-0.00489471846601075,0.021601674816920102,-0.0018041718650010363,-0.0015553737943803103,0.033440899807661184,0.03636408294871196,-0.003295503011877976,-0.010403910779425152,-0.0038788992270977207,-0.0038298818411252045,0.014451568165595674,0.012981944314418126
2006-07-01,-0.02606960523238311,0.037304602281106325,0.00891832607373555,-0.03090781036633905,0.02583824931353318,0.04610168220690647,0.05842053941721992,0.02885487038255774,-0.031177269190319934,-0.05437778087706535,0.05677610998810079,0.02114611536858102
2006-08-01,0.07020215487533354,-0.050810033535074184,0.021822449544126377,0.0300970188358074,0.02367303871431825,0.029790196395451884,0.028535323972257887,0.011790044722463033,0.019826341440054795,0.01128836568588576,0.02748214894830925,0.0386649685708762
2006-09-01,0.03822529279084641,-0.03987792184969574,0.022504378626000854,-0.0059689940704279465,0.03245103064359056,0.014464206641180866,0.011890135685674208,0.034358766130123675,0.061664144720691594,0.03379877009116816,-0.022433008977766677,-0.005486273065047675
2006-10-01,0.04165845479088648,0.04622785690100062,0.0360535941103286,0.06626878194299257,0.04403689137587197,0.0746195916240513,0.00674097621596248,0.02922827159434327,0.06671181846612173,0.03255177797366726,0.061453768911657214,0.02282911741244753
2006-11-01,0.028421760760175996,0.08577088066511673,0.019885000232775507,0.04352983830034085,-0.006271397723376149,0.04625653585777978,-0.001201229453815289,0.007056333510301327,0.012631387072360223,0.024504053456225305,0.02654329640144959,-0.008517550002643426
2006-12-01,-0.011054306921384094,-0.031069361006823226,0.007756750544497537,-0.004571628224921853,0.03962066813062948,-0.03024980314599912,0.006915632704816099,0.02970830125970636,0.018046397000904824,-0.003132044843734305,-0.0005442006339223537,0.019914236269719776
2007-01-01,0.026052837141847363,-0.006248926872289617,0.020695336605903947,0.051852148106806384,0.04267142743297314,0.11101272421618935,0.03407609510215037,0.017022289712314453,0.03235244381930458,0.02910386280875632,0.00551521436392477,0.025467108010854833
2007-02-01,-0.02696984422799964,-0.020485668602960416,-0.019616943762585937,0.0267584066223161,-0.004877938603332743,-0.03577674241165363,-0.023181018711651902,-0.030474347260968093,-0.029903857268513412,-0.011191828634677381,0.05301957173315697,-0.015384123492473534
2007-03-01,0.009961076160862392,0.05940241900069987,0.007592488440089973,0.02229991747277027,0.016994098366502675,-0.032792322576556066,-0.0017797863092966493,-0.008901673936614118,-0.006530392137361951,0.005942141069557705,0.030366055909749834,0.015624492616391317
2007-04-01,0.04716935547130352,0.05470977841227609,0.04843721318466265,0.016283086234357702,0.02612074765695893,0.010730504098533489,0.07711739272968043,0.04310456817032682,0.025523490533939652,0.04867773757357363,0.05478185095071719,0.03324377020838254
2007-05-01,0.05036870840594432,0.07779714964562467,0.033920623038192765,0.05903681069962463,0.08967873542130556,0.0015208972508164997,0.017169712721406105,0.024047839883550193,0.03005455742884311,0.05188172205997521,0.004561837688590753,0.013503860721463257
2007-06-01,-0.0019493081002214252,0.010102086723401404,-0.018849838179062495,-0.009779812203555283,-0.02656660805291311,-0.09577213375742644,-0.038660811574846465,-0.045382500759871935,-0.019202110776664116,-0.0023001371707055407,-0.05401557559298498,-0.02592720641886681
2007-07-01,-0.0012518040116417106,0.0030498889094092707,-0.027135194814445485,-0.022281611377033883,-0.005141940459381322,-0.0819578551377248,-0.04244302698987701,-0.08568660973316922,-0.057580924969322766,0.01207813618599718,-0.03327858200097733,-0.022480735284278408
2007-08-01,0.019177589282673546,0.012028710072002902,0.012833238480840059,-0.006849603536052906,-0.006287734735380024,0.05255728369473345,0.02289552027453423,0.025836014429170273,0.00621667169972806,0.000253370449398993,0.01578962829179753,0.023592527684204834
2007-09-01,0.03571422554392334,0.07117281113787355,0.03380987334499319,0.07560689245975949,0.019885527406801717,0.03198384337282123,0.02761629976064328,0.016888721250712724,-0.010743886236987965,0.042111067098039134,0.031087735831624164,0.040148548890451385
2007-10-01,0.055127102488369495,0.02809851807075847,0.0183750414043633,0.046332342006689675,-0.040407897498694445,0.01660575322086366,0.02222239324395736,-0.009919473038338733,-0.002928942393934819,-0.007911793713795134,0.0741075504877966,0.021024274641606944
2007-11-01,-0.07535230309478913,-0.04211167614306621,-0.03873271906645859,-0.05038794815402514,-0.09554719240360554,-0.0912391417293772,0.012774652263144226,-0.08093718426816587,-0.05457046313496472,-0.02835996551255382,0.006596364399620747,0.027455284764754007
2007-12-01,0.015232103815658649,0.08003280491824993,-0.0164806926426716,0.0012002017328878178,0.009231103002109053,-0.06169689697412706,-0.03180735788605116,-0.06677388445215149,-0.05627686767290618,-0.006092019244656188,-0.009361115918016027,-0.01336081733768113
2008-01-01,-0.12388577463918748,-0.12061530882593463,-0.0554748024364895,-0.0328545424122354,-0.10535735256026824,0.012597147144895127,-0.04211560892046118,0.016435481563278342,0.0034524234668935616,-0.050636305919652846,-0.06641055297717524,-0.050709861883331375
2008-02-01,-0.047311703211943,0.09267252045249719,-0.025842361930550894,0.0230288332880606,-0.10091431321486655,-0.04196423077321021,-0.026706431699982658,-0.1135894938298786,-0.03867433954263688,-0.020269864928258996,-0.04105009867178866,-0.0025742147391097925
2008-03-01,0.011286526259729479,-0.026167125171998373,-0.013824609438700897,-0.01712756341468813,-0.01016498563520074,0.03316962240992338,-0.04969477101237574,-0.03716607966562124,-0.0191568504519537,0.03172420615073568,0.008774306192494974,0.02690808914449261
2008-04-01,0.06278818841753053,0.10701349877505661,0.052849107754654234,0.05656248027069344,0.08937544542440068,0.0698694146142389,0.014466281644165857,0.07859251271625833,0.025111511498445704,0.03398392826796859,0.058717413001135865,-0.002231058042984957
2008-05-01,0.06512581111043314,0.05198756016718398,0.015116287379063564,0.05199705022077583,0.06368716138613162,0.008129886480867876,0.019059914081746676,-0.06952266331515133,0.0273452246792254,0.008831295888320323,0.03585731307751705,0.030380003620951834
2008-06-01,-0.0962530544195147,0.028837400675688407,-0.08813676859956876,-0.062458044385171996,-0.10412798917882293,-0.12442400779479956,-0.046758251518375205,-0.18174466157791846,-0.11853914961351164,-0.12435667051017796,-0.014766412942106566,-0.06107430502116451
2008-07-01,-0.02165953106745966,-0.15691175994698459,-0.004028771282658772,-0.027918044179210177,-0.028206412794237412,0.035072805706779064,0.049676282599963706,0.07708140083541837,0.0053879745957701175,0.012659890714435518,-0.05743776768545894,0.028748820799385344
2008-08-01,0.017896716028476645,0.0033605837324630627,0.01545371800743367,-0.015602184492665927,0.028374789383957877,0.018137739977624356,0.020657325542494,-0.009708843033273906,0.06904969129982907,0.027420907063510747,-0.011029178012701424,0.02700749444135786
2008-09-01,-0.12747178187069075,-0.1520428897194861,-0.09938679719872223,-0.15974827763273913,-0.14841140090339333,-0.023332963697116904,-0.0785031648090464,-0.07142886779535706,-0.08524565092359226,-0.12549688260653558,-0.11763121770861351,-0.019189842811771607
2008-10-01,-0.15833204996216155,-0.1853755244374663,-0.1603545770471665,-0.2193588989590768,-0.19721787164705484,-0.3043568944305811,-0.11078122380780775,-0.21172067758935997,-0.1734414418954502,-0.1779994791218713,-0.12230619044209079,-0.12013731445903197
2008-11-01,-0.084084317497376,-0.021789439639217978,-0.06960629024966203,-0.10686735109397416,0.021000549187525586,-0.21551152556441944,-0.06315785456769185,-0.18480342166625874,-0.1083552906397609,-0.0822083444381635,0.04185401561623592,-0.0020728305447274
2008-12-01,0.010492233925039507,-0.04992057393197169,0.001664934788226713,-0.017710478652573358,-0.0030251004052164188,0.11533859345708364,0.06540895746117359,-0.011059071964406475,0.05270853553892052,0.013414403967502597,-0.036188822587727154,-0.008309473639997456
2009-01-01,-0.04227494071569504,-0.01269840669303235,-0.07466317632640385,-0.0626093127940236,-0.053316726873199105,-0.13666365749445686,-0.006033195046129536,-0.2509615487870793,-0.09937320474993305,-0.11143229865226978,0.010891763828742462,-0.0641322739668384
2009-02-01,-0.03814732393707354,-0.12340160724410831,-0.10744914151340357,-0.08024661474552008,-0.01820547897716518,-0.19783020197032875,-0.12390381802843176,-0.17748883355886236,-0.09076762648225811,-0.1703053388200102,-0.12525877809822683,-0.0808124108173256
2009-03-01,0.10623238534460677,0.032337005862338675,0.07561224800149335,0.14661865106808936,0.055629678060212795,0.012728646107021735,0.05352462119403545,0.15920998421848398,0.12093568376663888,0.0777774339257733,0.00788939413687495,0.03634567837401681
2009-04-01,0.10992089915687964,0.08373244762312582,0.10721473681930371,0.16281860965362838,0.08855572197360595,0.32536002687261933,0.0049543086326011565,0.23015080504088647,0.19162877140211343,0.19207141341260892,0.02291807426576331,0.04882908876463077
2009-05-01,0.023188477802435603,0.12887709228631983,0.05845347644877852,0.05843385996506334,0.03600455751969234,0.022726945330003634,0.06823815178835702,0.1397947894571494,-0.00729946264166359,0.03354740753826513,0.03559028430922062,0.05090933822683974
2009-06-01,0.03172793929208262,-0.07023971787367855,-0.006268216443725216,-0.050423381292472924,-0.0028027062950236603,-0.03940751878610782,0.018583122551152353,-0.022894651003802502,-0.0017298585262907062,-0.023565912794354715,0.04183747435966412,-0.005622997320956391
2009-07-01,0.08671898271774015,0.05886911803087447,0.08067597693683282,0.13468580421296217,0.023262162825579358,0.1225421187778506,0.06461597153006471,0.09431705104191046,0.09956416932531886,0.09469708427307211,0.04947910623399987,0.07471470936970026
2009-08-01,0.016243729629472625,0.010865087183002942,0.03693947088985161,0.02369501884173708,-0.01388133927230295,0.1319387485003074,0.02691067559808058,0.1298999462718644,0.03521943552168172,0.04773876343553307,0.010020199881557224,0.012235053029548526
2009-09-01,0.04245751845057755,0.053742399020088705,0.030548234829199883,0.03790693066660511,0.06193728191846404,0.05150296003280541,0.0017476238703475477,0.01632666302248098,0.0500766368430956,0.05275753140385664,0.003421611919061096,0.025785781559584775
2009-10-01,-0.008795618577100428,0.02921876339046947,-0.014553667813431481,-0.047775303631654165,-0.07056342071881128,-0.04117838129837448,-0.01662309506554882,-0.056656467717143166,-0.020490215074597917,-0.03477372517053667,-0.022056792011478366,0.02177604878696604
2009-11-01,0.055312664043423165,0.028415606971305962,0.06160718550028155,0.10770354998702669,0.07151078670389888,0.07077645986786663,0.09298144914776207,0.04341631927387701,0.06711424424445545,0.08778195126649324,0.04825611100964311,0.03677864607805903
2009-12-01,0.05425320129169853,0.003344527791899976,0.013643649574621719,0.015076691052202662,0.07750291615932814,0.05757741588315568,0.012712045498843194,-0.01773532473178885,0.040181863214019176,0.010178179892519124,0.042338898879197284,-0.01157555331056126
2010-01-01,-0.08263149678494541,-0.03882441635061851,-0.03115432727436762,-0.08133867910030468,-0.08140732778086224,-0.04395711918973744,0.012319891325354604,-0.011622437569643984,-0.023581089422668344,-0.008352487289562838,-0.0367315575721644,-0.0008256512385699244
2010-02-01,0.03482805308675596,0.030091576783610963,0.031194582290045236,0.045122673699845794,0.026893625119375875,0.054570474154972404,0.00383613459244847,0.03526067445950409,0.05569043943124563,0.053323310131419666,-0.013206620245911571,0.031679184149817186
2010-03-01,0.06500674909632398,0.024581234812877772,0.05652902619344724,0.07682573517030611,0.07001607173232838,0.08689941590257955,0.023248491981525232,0.08651220666972503,0.07601555537000682,0.08321804419630374,0.017844937629198254,0.033296464768546086
2010-04-01,0.01577786808524073,0.04519763625833617,0.019651573468299377,0.004237384397622446,0.025469020353081184,0.07424217511526177,-0.03568705621391033,0.015475821066918805,0.06231507205825615,0.0461462213945214,0.035434193196002495,-0.006550094517958405
2010-05-01,-0.07481774696281707,-0.11450527521559961,-0.07945435696779202,-0.09532203089416291,-0.03827275335570923,-0.056835252521024504,-0.06509063883114796,-0.09158422514078302,-0.07036198552121375,-0.09118816824886544,-0.05519070265609882,-0.04632649709757464
2010-06-01,-0.05730120836046371,-0.06352481716366254,-0.05623101196801383,-0.07739822886722825,-0.047959075790071415,-0.054854780624435606,-0.0232073548857179,-0.05926384967664644,-0.1000924341716738,-0.07331085992312847,-0.017385222789768395,-0.032258085504096035
2010-07-01,0.07831092116909377,0.08867765532852045,0.07338301005530523,0.13329035300990166,0.10127881878820211,0.10348586253335568,0.01826981104704184,0.06740846019584712,0.08277868793066157,0.10969722872594545,0.08599950699405268,0.06563101091233747
2010-08-01,-0.05611364613106817,-0.049034176798906426,-0.04498033229001297,-0.030302616891771827,-0.015240825385892331,-0.012971485958770734,-0.0164507605246208,-0.07817769818354592,-0.03975821607841623,-0.06932966544655828,0.014487710679012,-0.01853185520126943
2010-09-01,0.11261542882373488,0.09492205950522603,0.08375262448364285,0.05605700716615325,0.08786815759203992,0.037268952099743125,0.08505329955410046,0.058259615507698426,0.10665781640049876,0.10961324558765395,0.018500507263480293,0.05286970432739002
2010-10-01,0.06159943343213348,0.061582923219303254,0.043760396144145064,0.08322852880931975,0.01861864503408528,0.048379761005823196,0.027559549693968455,0.016913418135384717,0.05876499106038868,0.03401520309873596,0.021204350759314927,0.03928230906602481
2010-11-01,-0.016427441490131867,0.05857508296112024,0.0,0.011206981879994915,-0.010426075421451908,-0.01582939685106266,-0.028873914369256792,-0.006867897628588526,0.025240919182578425,0.013362456124455857,-0.030265181803426855,-0.015641719777496066
2010-12-01,0.051774530190206836,0.08834338038341705,0.061270805495511116,0.09150348729397062,0.0705454674770758,0.03457194572877609,0.04063418527947005,0.10304257102280712,0.034854433511779526,0.0693037019292615,0.01885579500559631,0.03495780034208518
2011-01-01,0.035468778295684844,0.07656250640254858,0.028681767511443024,0.008917587627823798,-0.006508242497704431,0.04692077362004077,0.01093136291843333,0.03194140213465402,-0.0002854369272730084,0.04459872564360601,0.024242407192545112,-0.006065781849631469
2011-02-01,0.02193132931114783,0.07368439571771779,0.03473749778237867,0.026535063164132566,0.01304377468065221,0.04520367310372819,0.0312499545712146,0.02743929238135956,0.05997819321690412,0.021247212476402932,0.012294668684011967,0.02908583989864999
2011-03-01,-0.01882548789494287,0.015406044187789458,-0.004206299432204852,0.014191894573497565,0.0223177773023302,-0.019478087810147593,0.013467977995214708,-0.027299741236741948,-0.009134557581970126,0.01783269575073909,-0.007473745810274823,0.006729351422217755
2011-04-01,0.02956184629389136,0.012551013512805742,0.03343162670243949,0.024611951089739792,0.037574019606215536,0.0557523263909494,0.06918032218029646,0.0020053484655166987,0.04189149203775533,0.031855867137375204,0.05073710283608479,0.059471843401747826
2011-05-01,-0.010471772411323355,-0.04187383387633359,-0.011214333404214516,-0.027404345587303425,0.04523233022276818,0.010133838905629133,0.02468760229898792,-0.03296656292851963,-0.0027129856947395448,-0.02764877285941103,0.02141126605141097,0.025063420558312233
2011-06-01,-0.028722727047092667,-0.022824772064560794,-0.02171956221545035,-0.009559153639730478,-0.029239789540823735,-0.03980896968418457,-0.01606216197072985,-0.0309344767412566,-0.005687396167953107,-0.010363890032220713,-0.011514778756449018,-0.03342628247078727
2011-07-01,0.0083019212218165,0.01833995958370549,-0.015146182777331041,-0.029143230964702282,-0.05526647518853112,0.011287428130296373,-0.03497850566548433,-0.03236798373022787,-0.01044496278592455,-0.06412620448231987,0.0008396840343707357,-0.005885218500917722
2011-08-01,-0.05307976144019688,-0.10215848024552066,-0.05497602662713352,-0.07024492736767296,-0.044387424523231744,-0.05311936879709689,-0.021101854942402132,-0.09594622323166979,-0.052459017700489885,-0.06574353702692348,0.021706343178316434,0.0019461640578737338
2011-09-01,-0.03437017817765897,-0.1475815613876157,-0.07421004049311142,-0.16921341117679356,-0.08932591013006341,-0.11621806083513886,-0.04999983465282776,-0.11733925696449743,-0.07213183921645117,-0.09814842242648414,-0.007966574192198372,-0.039818601342583526
2011-10-01,0.10631215261485027,0.19609847896983168,0.11488532227838166,0.17960620036710417,0.046781627013582794,0.14410883693101706,0.06337396559659436,0.14754001875676415,0.12317025418763627,0.15013900126474233,0.04716748421002315,0.054007231990028215
2011-11-01,-0.014994065306766946,0.016640504063711647,-0.004063576005900238,0.0020317158165406024,-0.0042534885871935435,-0.03668719784963259,0.009535097460625863,-0.051110758734589035,-0.007175751468842084,0.014063444619883736,0.010330023613462691,0.027705890555743462
2011-12-01,-0.006635283058780472,-0.02455206566353141,0.004080156030044302,-0.02954794879258349,-0.003322280847763426,0.03028670770016828,0.02390788486708062,0.014831654379436232,0.007227615038067681,-0.004131044251976856,0.021869517089252888,0.018495573223734407
2012-01-01,0.06672914511363093,0.026894520946795453,0.0530105995729484,0.11757566159915211,0.021669864405232442,0.07717061395066582,0.03778500749592162,0.08846652198495986,0.0650911202324771,0.08037690213755355,-0.025336076901588234,-0.0052457982548891335
2012-02-01,0.07103253193698134,0.05927290169321098,0.043405743344389736,-0.0056476266727297775,0.04802186418033183,-0.006935056270519824,0.010614984621271528,0.04978589909505926,0.04525649447622171,0.027884721476088226,0.006055059378394123,0.03746484845902476
2012-03-01,0.04179601572800418,-0.041800325142485883,0.027660061370999633,0.0,-0.0026947734059724615,0.035916241371317215,0.03952467359529899,0.07046093931839015,0.04399149190114371,0.005103704598159009,0.004299867422537407,0.025579335082300148
2012-04-01,-0.008098114805350831,-0.0032727437343897936,-0.0023225800417393527,-0.004338091400982957,-0.008355832572396138,0.03476845979014165,0.0023746856963990925,-0.02029926515692282,0.014647224233209855,-0.0063452253034685935,0.027108116244666025,0.008244015010223205
2012-05-01,-0.06338007142020952,-0.10682219067469478,-0.060055680882423745,-0.07772029889502774,-0.0319489929967991,-0.042090429802430496,-0.03625708691053131,-0.09202862046883098,-0.055031704746170806,-0.06322678623036004,0.005608856296732911,-0.011702886634652132
2012-06-01,0.028642582265270944,0.04306147972372254,0.035217039000995154,0.04346556158801351,0.05940625356113416,0.04442953917627701,0.05145203029179313,0.044967845298316655,0.015777115931491226,0.028843734637416407,0.03151142421849684,0.029307240763291498
2012-07-01,0.02240239711355918,0.05448900233802867,0.01707233220545934,-0.007401040950970494,0.06810411047041653,0.03233945237710367,0.015441397899063292,0.0061810989474959666,-0.001965772008759803,0.008675751471310944,0.0346823768033413,0.03178995570322707
2012-08-01,0.04203673312661693,0.026992045539904197,0.025052777644470225,0.02324936668413513,0.011754962798562252,0.003056313892042306,0.011721844861724229,0.034106033272487846,0.04616401338524723,0.015358803223995299,-0.04140260125749606,-0.00477114649177901
2012-09-01,0.011151455002590849,0.02656218301485813,0.019906483910834938,0.032258003901081134,0.05933586608877395,-0.0190458366287235,0.03295595301223786,0.028364157528520284,0.02722248111000236,0.004675386711737284,0.001099974018647476,0.010434224668136372
2012-10-01,-0.059706240973989466,-0.01590505426603539,-0.012957201699609233,-0.015795949218286198,-0.03796902370970956,0.0020717956818865346,0.002715080465878872,0.02412258817132895,-0.011951525822008868,0.005370731029072706,0.024744090601870772,-0.0053081491569488826
2012-11-01,0.009005780375768158,-0.012232171483821275,0.005659771397884539,0.018595421198548623,-0.022113382274760784,-0.0057809901888096205,0.005246377844602135,-0.008805270599268722,0.031690956800837,0.017539008268729006,-0.0428187718680586,0.0183670051105409
2012-12-01,-0.009611951530544949,0.005065961863685464,0.0018289896674501538,0.022888308446954442,0.01591276370728112,0.01634458687203888,-0.008946536519727877,0.03997491427395694,-0.0018932751637882328,0.02073768430154277,-0.01132468253417529,-0.031631548402525356
2013-01-01,0.024926984617184456,0.08854828301341322,0.0586457250365231,0.048612968003434176,0.03828225550056952,0.05300808748416763,0.08178956036615892,0.06704773280797305,0.06348124951152001,0.06527748047142135,0.05936006231544444,0.06830026316060422
2013-02-01,0.007822890181889308,0.004396238082127191,0.012758817287653601,-0.013582271313498429,-0.044052848432858505,0.012635762953614682,0.012584341488308892,0.012082734528431338,0.01595853641168632,0.02220574740150183,0.02323669736279843,0.033089312988325625
2013-03-01,0.021599908912256494,0.020851944057146188,0.03337486265205758,0.017926321235750997,0.01801413631274773,0.019964998475562323,0.05753665879431491,0.035247414809489896,0.04064418887841237,0.01928218561476247,0.04461736533681848,0.04410614925483691
2013-04-01,0.0216694622499789,-0.008690696099972306,0.023745718379501346,0.013601422897337567,0.10895273772422787,0.06628483117632533,0.0344911412070128,0.030370599598991577,0.03346093223743285,-0.0031157585737187077,0.06879289460691052,0.03450469569718018
2013-05-01,0.027922062924705893,0.028490991916669595,0.023609883175041757,0.018963903829793072,-0.022761234637180272,-0.06493318124006997,0.016479537622808182,0.06096232414631042,0.027650621696004407,0.05018084823820601,-0.09051407159895952,-0.02173862973755336
2013-06-01,-0.0337963533771235,-0.027329137021398053,-0.01853804616340382,-0.04838775304028631,-0.012982036209412184,-0.032901500050295907,-0.010392806049930647,-0.019656983493272384,0.00498932250264672,-0.020445696291472415,-0.0013272277436177093,-0.009488381583581229
2013-07-01,0.04250469404535595,0.05766307895985601,0.05724183344700262,0.06362236278596267,0.09088263719598655,0.011814299989989285,0.07647505813444377,0.057716905991873624,0.05603212533418178,0.06451070731869657,0.05404774969861936,0.05016793093558003
2013-08-01,-0.01040003187426719,-0.010313141293826655,-0.029992672669412856,-0.0012348454719883772,-0.040458639461210644,-0.06532522047569256,-0.03528004538723817,-0.05124458002247445,-0.02846552170923844,-0.02480042945447558,-0.04992291048045405,-0.045421751989946024
2013-09-01,0.020382058061557684,0.01642800319663551,0.02664283391573674,0.03907977976750132,0.02910493345680676,0.024903411327324765,0.027833897718176237,0.024177035694356475,0.05114420184657642,0.053814599944296715,0.0018762581138391798,0.0073399762087345
2013-10-01,0.055333353339868774,0.04680592109614867,0.051406051112094175,0.04711394536268676,0.06961474774392773,0.047024416738025376,0.04739425312344614,0.037223698509872616,0.04892139794387762,0.05244511066169566,0.047671383297283265,0.07079998626941686
2013-11-01,0.030906205148607535,0.0005787367526528531,0.02963808987220795,0.013022697348133772,-0.0248978262126619,-0.046395770325006636,0.04718586956417692,0.04423883606545642,0.03453712459736891,0.03661032935435671,-0.01934020678733872,0.015584200999892328
2013-12-01,0.030268256430891816,0.023947290590753845,0.020386714961416974,0.04239925563289004,0.03987414786884158,-0.00031664572072920283,0.0032575972581598833,0.017691207775224704,0.01875037939914348,0.036904586237255455,-0.0015774340215990446,-0.0006979154165955848
2014-01-01,-0.020938867335176026,-0.05357115948818292,-0.030010554479729112,-0.04116627239639248,-0.022435981209591005,0.04408983440125036,0.013536372991601375,-0.03206646672111235,-0.05623675495467728,-0.03779495811544453,0.04078396176988153,-0.04444243892284239
2014-02-01,0.043940060805658154,0.05121112302726272,0.04551549886827533,0.06902823708703698,-0.001734016082814649,0.04750963026798316,0.06218715785764006,0.03038950764177617,0.06399210100074915,0.04057600768285341,0.034526582872828504,0.03900948438091856
2014-03-01,0.0,0.01608688472558195,0.0038650386872747244,0.00424808766990159,0.04169563162864276,-0.009948772771769643,-0.015982639351895034,0.02949302246160923,-0.03171735887494076,0.005185953941987398,0.024969137789202067,0.016764793128450917
2014-04-01,0.007065134872791701,0.05772517938844102,0.011396041670846069,0.012275695340903336,-0.01656940484043501,0.04215776863496501,-0.0028880467830111334,-0.013367144193525915,-0.010493339106843469,0.017791434421287056,0.0508934620091952,0.03262187519221249
2014-05-01,0.037585761831923525,0.016748382290061592,0.023206032003112442,0.029578343430532783,0.027957507142510885,0.027968956151045443,0.02873371582008266,0.015027252418621684,0.02882197710180412,0.01923467762034048,-0.010877126811311366,0.018083590735863853
2014-06-01,0.014014037249289624,0.05025690416528317,0.01577779705643123,0.011409984787139837,0.0059705818598458915,0.001674396434975467,0.017394287958523158,0.020188645242084302,0.016139011820804905,0.0001851394077267976,0.03556373499635823,-0.009325492055598295
2014-07-01,0.021637373889288325,-0.030183320568187955,-0.00871013166664858,-0.015355266659873745,0.019149367214959412,0.007313909487499881,0.00507559405767366,-0.0106115640529858,-0.009580402682403788,-0.03687619266212816,-0.060037303601863656,-0.02653986072252834
2014-08-01,0.0328211560572802,0.02183590747376818,0.039463460106851755,0.03864338934396483,-0.0013016836510031382,0.03472329542391295,0.048432450340358146,0.04239119536630698,0.044468259990463554,0.042253540082895835,0.04921213001086011,0.04612931860534841
2014-09-01,-0.009434022640049,-0.08223606793002591,-0.018384988632072052,-0.01860258416705618,-0.024112090861918123,-0.0673854593936436,0.0007825147870763605,-0.008133107025937059,-0.03095020107447133,-0.016105117795743196,-0.027495530557650083,-0.0004432608171823782
2014-10-01,0.020412612745005276,-0.030348445158640436,0.02833567655802649,-0.019470259285767066,0.022645259528153217,0.09337799304353478,0.05632585764023612,0.03316905724839225,0.0245576830451657,0.04365828092243196,0.09004127011027818,0.04202691957230198
2014-11-01,0.04810112971001801,-0.08693613895352603,0.027471779361050164,0.01570206133182639,0.009846020070565453,0.02720700563250089,0.03478529505119354,0.02349015861425552,0.05447886045792716,0.030791455351647734,0.011656321309071904,0.055448437226363056
2014-12-01,-0.026830223510963647,-0.008269149630663608,-0.008011506512415556,-0.011797688531501094,-0.04842392609964419,-0.0023370649577449942,-0.017669717125665563,0.013524635265634632,0.004735231116473004,-0.005798621311598584,0.026521395226639655,-0.016429858346438952
2015-01-01,-0.030046733190286723,-0.03967503455134436,-0.02427354220526623,-0.012132408648522608,-0.019628857434456637,0.06813739043443579,0.01676527118298754,-0.06479792121015271,-0.025916318190237098,-0.030109206831323232,0.03241608221309744,-0.0025711248213745597
2015-02-01,0.07994956509439399,0.04592997100679441,0.05620443642899153,0.07968129762060672,0.0798881010041812,-0.025975398636806757,0.04287568646249684,0.05823563822344746,0.0854402843258959,0.05350967769579462,-0.0639481604941784,0.04144110289792913
2015-03-01,-0.03829202452213065,-0.018223245071789185,-0.020079598935510146,-0.05263152622419498,-0.019467765576261842,0.0025276764979342836,0.003598892475661364,-0.00985605829638414,-0.008160972503670205,-0.02991853065186445,-0.017687448215185864,-0.025394994387921144
2015-04-01,0.0317154456006008,0.07297959565032497,0.014341485454490988,0.03752974276813248,0.022788287479995173,-0.04035734400274249,-0.008129716820698518,0.004564699186098808,0.0028263343119510065,0.002073613485048975,0.003109695470157492,-0.001513680673235207
2015-05-01,0.018553221642962026,-0.05188690165896803,0.012856280087116145,0.0037682395552305348,-0.023089728376963436,-0.0033110859892307998,0.04504266118266487,0.01947789094101604,0.013145696119027495,0.003235308530838754,0.006332163823375092,0.00868320834394165
2015-06-01,-0.04542268771980462,-0.04120369820308156,-0.025054810834443164,-0.043864980758333894,-0.0252992033433036,-0.052491748484377876,-0.007339429619104387,-0.008942834750885975,0.002359022783626763,-0.031356126380096994,-0.06831442578104074,-0.02439065166888099
2015-07-01,0.033129458408317936,-0.07077050633760174,0.027563430681621925,-0.04608407571297313,-0.00035968479168024814,0.058937894917239886,0.03312046191876261,0.038565286028952483,0.05223476997236909,0.00793915411403856,0.07067326157956555,0.06348343558743763
2015-08-01,-0.055190268614811466,-0.04251965115412415,-0.0609500714237885,-0.056365728442138385,-0.01892652708637943,-0.05813177143603787,-0.07964479141904679,-0.07060695781900561,-0.06532030283740797,-0.05403936409874188,-0.03478069427399744,-0.05963029447337986
2015-09-01,-0.01814577567959197,-0.07872942138708616,-0.030555966163622883,-0.07933599557979576,-0.05296387143298564,0.00666863258681083,-0.060433960293955646,-0.032863888909531846,-0.009602565013830833,-0.027295663854694285,0.01954758629710107,-0.0025364324840979613
2015-10-01,0.11004627506729103,0.11980090393656684,0.09070087523700487,0.1405789678393783,0.11226688089934744,0.07216434205431654,0.08105896378036603,0.06786241901209245,0.0944673894289001,0.09367046224242248,0.02016843335917251,0.06382261751167717
2015-11-01,0.0071017622728457575,-0.00014726600008230228,0.003654958704268463,0.009937989186150631,-0.006360849856887896,-0.0019904905976290133,-0.003223578935354854,0.019933280385715735,-0.0023463968980632632,0.008660719000690431,-0.021257028642731268,-0.009222288554509794
2015-12-01,-0.025704966652041916,-0.11320193912777021,-0.023096266836968193,-0.05051388304334614,-0.02998644321128552,-0.0017282092534447457,0.012937710882088505,-0.02972280708275088,-0.0324336486859933,-0.0316042743316024,0.010742989339009856,0.021651558424444328
2016-01-01,-0.032287168872950245,-0.026239217388599467,-0.04413153073241294,-0.1004044709175963,-0.03345496608496368,-0.028745545447381504,-0.07328102545098036,-0.08283299316546933,-0.04789441934775718,-0.051244726191375434,0.06029404913242864,0.012752839406303895
2016-02-01,-0.006547285677270143,-0.02800188791647118,-0.0008257979158345918,0.07815345273084051,0.06477122223260401,-0.007499580238176762,-0.0036104028284051903,-0.029005458093236847,0.004452984935986226,0.04260850168415442,0.01937525639081139,0.003152073196255323
2016-03-01,0.08274318550044102,0.09384943763469922,0.06178962380248865,0.07200947785279954,0.03852663894054209,0.08956059961488916,0.023402787378808965,0.06685589651829638,0.0626006472286269,0.06427506386852944,0.07170610562390833,0.04202695120479971
2016-04-01,-0.045469336162371254,0.09843120260451776,0.009119072657050475,0.05475303235153639,0.022112130992235857,-0.0049731873566062346,0.033348958686505004,0.040598545193494484,0.005385141174951702,0.01763375824307256,-0.016846565106069855,-0.00925673748542677
2016-05-01,0.048896475060294264,-0.009332982644517873,0.01701136035632711,-0.003396718150280309,0.012495946871902808,0.022074545133461188,0.022352502984181788,0.018876078822061437,0.0005050404738691228,-0.00427368068882894,0.01507644156342769,0.0068834420567653876
2016-06-01,-0.01855644490449504,0.020487350664544657,-0.0017156683550028085,-0.012782568581513498,0.05379735721017087,0.052907558026793255,0.005045543101524386,-0.03747410110454619,-0.014891438731137963,0.0016095789514032344,0.0675482467469819,0.04728443039035701
2016-07-01,0.07623102985667551,-0.0061008630193872815,0.04186160925101623,0.05596629778339368,0.03961487051697232,0.04590917160999575,0.0528900891904549,0.040090644085636784,0.04931652522148933,0.04195649559734371,0.0014547197346870266,-0.002192472487671737
2016-08-01,0.011625395330851163,0.016770466517272542,0.0011973675325214206,-0.0026700734625414446,-0.06556459087126931,-0.033489334892302214,-0.03244673749328042,0.03847769027640546,-0.01298648082000553,0.009476299761158158,-0.05544901166471239,-0.005850037779143391
2016-09-01,0.01681231626614932,0.030652547934856944,-0.004968126127360417,-0.016680243041955367,0.00031076396510321125,-0.0230189349041221,-0.008933819022412748,-0.03264247681010446,-0.006455374819303916,-0.0035840103177116056,-0.004874886174238036,-0.021515241898845572
2016-10-01,-0.0034292314943538127,-0.02230892228175152,-0.012373343264152403,-0.015895547006887556,-0.018581407882499845,-0.041536877268780414,-0.06225465846108669,0.027687620868642515,-0.020517116971821348,-0.014685604166190802,0.017585513697459865,-0.001560096470994199
2016-11-01,0.0016869292328502983,0.08466910094693736,0.03683854780561835,0.06823530505674924,0.017516031511240593,-0.023356321732727836,0.020635336488844525,0.1403240990466672,0.04801525703858878,0.09089328917097594,-0.05421824682367549,-0.04204493858089009
2016-12-01,0.01810566979039785,0.011957261111323225,0.014293350075103461,-0.00480585973243719,0.07981195135552355,0.027922959141412518,0.0027635196486912594,0.03287432118886602,-0.00549762162851497,-0.0030444500509919648,0.03893051278629778,0.02234049598114174
2017-01-01,0.0401364877011221,-0.027012427679422357,0.02389424118004224,0.052376942778592506,0.0353022662409741,0.015343905794090507,0.027405867048364563,0.007133126727227879,0.04830781490498337,0.024881501384515392,0.02236151074624315,0.0246034420910497
2017-02-01,0.04532748869989489,-0.020850530715991633,0.03929148674726535,0.005581112435776747,-0.06283474590660754,0.04374339412550188,0.06338639444378646,0.05276758009874283,0.01815372938670845,0.03912902855592759,0.05266348587756897,0.047727557828652456
2017-03-01,0.018337909766678484,-0.020734176685910377,-0.00308709184185052,0.003061972090476539,-0.027660679645736153,-0.023877476845451606,-0.008400976654230008,-0.03300785455720001,0.01829360127630575,-0.012146970369373733,-0.008885190457035286,-0.009437534901519551
2017-04-01,0.02400033376413213,-0.023648991113980222,0.014319798809191209,0.015779906816230316,0.06055048292797016,0.015235765654378675,0.019011475300650282,-0.004893857339652863,0.027053998603268736,0.02431017894600407,0.015257833664262144,0.016311384357004632
2017-05-01,0.039536756508222526,-0.0353770650600298,0.014113106534896724,0.00018842723839940234,-0.03881193847898934,-0.0011402596110904328,0.007682306387136961,-0.01189994010528539,0.01099255268202981,0.017787032166357797,0.04139283892588663,0.02645858291045089
2017-06-01,-0.032018565033613,-0.007946297753278375,0.0014910645651924348,0.013752681519876964,-0.01315380130127608,0.011796336680408137,0.041535542818637916,0.06107520501669006,-0.015596154561125064,0.008738318853420468,-0.034918045318945046,-0.030013968164013916
2017-07-01,0.04879929941723948,0.033250495774450606,0.025531026397654477,0.020182205944951903,-0.0052144899540527145,0.02015549013717166,0.012206375649700396,0.020914448398627883,0.0224106433149438,0.007683320422238182,0.032559046699860206,0.014681046431374689
2017-08-01,0.029216544607540085,-0.05478820195999079,0.0029175899749851464,0.007869622074347049,-0.0006267003775923818,0.006694757639109872,0.01752400932654319,-0.015544007142115568,-0.0186080294419253,0.0021960434771211013,0.032882360615253514,-0.01102684771503848
2017-09-01,0.004589272691202462,0.08750208880724641,0.01511164885442473,0.03141448966721727,-0.046110719751679685,-0.016256080058839717,0.0054129134558795755,0.04696340227011131,0.004684581512067965,0.03710196004998134,-0.03492816386913555,-0.013343142191337476
2017-10-01,0.06894927456787525,0.004735479451689173,0.028643690226152874,0.04432712863805732,0.0016178289354333852,0.009049278427334384,-0.003932557765917055,0.032905658903380486,0.024815940313136275,0.01207158375096462,0.046944976479400546,-0.010314286564228059
2017-11-01,0.014138108814057526,0.017523194405381526,0.030566081547111823,0.009491906695071828,-0.0006631740511678919,0.025650453653003336,0.029096410327635214,0.03458651255629808,0.050658077617852904,0.04166095040158124,0.026850489519637755,0.05575426751224
2017-12-01,0.0017231187020383398,0.04573086085826472,0.006980730298085769,0.016285899583988295,-0.0242203976460984,-0.01171112812087205,-0.009464835486172496,0.014171377527087747,0.02110714171169925,0.01556843556234111,-0.06925800378714453,0.014986466868197823
2018-01-01,0.07435809652902914,0.04273988872918255,0.06175871243474851,0.04508011982953497,0.013925113027352776,-0.01996101308099596,0.06981360365362699,0.07051646738414807,0.09612827189493345,0.05937802700080397,-0.022099860745196542,0.02390129452837564
2018-02-01,-0.004090385498508042,-0.10834964911042566,-0.036360599633394663,-0.05274041858453116,-0.05516071424460123,-0.06657307344929886,-0.044948823261733994,-0.029253540131531697,-0.03469053228055541,-0.03863052809594525,-0.038793252046779525,-0.07627151907494889
2018-03-01,-0.04034015565124771,0.010038962603404977,-0.03129006342257279,-0.04511181382442031,-0.03223479230128612,0.02918296315107871,-0.032564783173889,-0.04502923976608186,-0.026712676621929665,-0.030789494261814765,0.029963091111566698,-0.014603809047604499
2018-04-01,0.0037417925647909023,0.10273703915266719,0.009193866804054096,0.005054648847029775,0.021390469482448937,0.010565288884913704,0.01411533012490751,-0.0007284883877899384,0.026807120358194103,-0.023945352519325724,0.028311524193916027,-0.03603689545317301
2018-05-01,0.06782800368140052,0.029941785751366856,0.02430922289289783,0.0205228840713918,-0.015334222111782259,0.033712341949150515,0.0018235965755053485,-0.009836064267206734,0.019865027924509837,0.030739204422180144,-0.011055048278053259,-0.015659025171934293
2018-06-01,-0.006151985230639978,-0.0010521592090406706,0.001255120981817237,-0.0018908570702826921,0.022247115097828507,0.03056648438199039,0.012741418838701168,-0.021707033328645986,0.03347219146028313,-0.03774853227989061,0.019023278533584653,0.03765624562358294
2018-07-01,0.024488373204020197,0.02239806242911735,0.041702987244271794,0.03337447538578053,0.008710405586780823,0.01812622793120755,0.06948770050702713,0.05570056618872399,0.020697858759197496,0.07815812180375636,0.025061789830110204,0.04763796629317918
2018-08-01,0.06598959289219919,-0.03475108262977822,0.03191970712349068,-0.0077013295189224396,0.07458361945859493,0.023753706285734033,0.04329226194965985,0.013595563265083044,0.05104714888872608,0.0023401224024557354,0.012881192706279299,0.0039198974509917495
2018-09-01,-0.0035713699371119345,0.017463755882363374,0.0014121310498826922,-0.022608297319098192,0.002021501528044478,-0.03798962853632881,0.025544653484401714,-0.026473704607037685,0.002308526469456673,0.016860956366691937,-0.01533575238965379,0.0027893705292461046
2018-10-01,-0.07692822998352244,-0.107184980930215,-0.06489016261211056,-0.08751065549207104,-0.0464294478712054,-0.01427464550240487,-0.06415370243299179,-0.042908466860611005,-0.09832002174531151,-0.10436715850056921,0.028920845645357796,0.027230522320604633
2018-11-01,-0.01962450805004745,-0.015634478017362397,0.018549285300256013,0.038015683105959264,0.018084996535788544,0.046985379651975245,0.08083435079172463,0.026256016377949942,0.02476776939501879,0.03806509912055023,0.035388282290698125,0.022723196511533317
2018-12-01,-0.08772487231968662,-0.13250641106256866,-0.09334292611633943,-0.07489478770528024,-0.08220156032155312,-0.08363901942474417,-0.0976322702522503,-0.11679658601856557,-0.08315587233581856,-0.11207594776687124,-0.04803009929608193,-0.09740505353460005
2019-01-01,0.07401861906673579,0.12252142609973182,0.08637274635922343,0.06288670710077016,0.06413686332470414,0.12134719677347339,0.05284434504713009,0.095790875123265,0.10298305303940292,0.12115200338515719,0.04355821533305915,0.06101932007375299
2019-02-01,0.06910112799106871,0.023047833857046784,0.03241567750712049,0.03186492415270692,0.05884444774213571,0.00730192117520323,0.010808366799520908,0.022359489516109887,0.013145764075729316,0.06367571149256657,0.04108840103941236,0.01779371181088818
2019-03-01,0.04431264221553377,0.013333573785582198,0.013635974608050772,0.008174415436212001,0.0016840353241645012,0.0343433112025755,0.0010907747101711607,-0.030543118994658114,0.033027756300988864,-0.01716002674532413,0.020347294508341607,0.03257277636397493
2019-04-01,0.0670848970069553,0.0076903089943065606,0.04543715830074624,0.039606303348469485,0.025535109317879945,0.006658146118769803,-0.02351584680767327,0.09541198742845802,0.05823198807776753,0.04571076210918523,0.01676825822199035,0.034150327386712975
2019-05-01,-0.08664698463366882,-0.11102674875410667,-0.06377148136250443,-0.08180993533392733,-0.07651719058506501,-0.0014940878681840575,-0.022182234439518944,-0.0717343580417299,-0.07603885878401695,-0.07640072465727499,-0.007835010984791002,-0.03638888645619287
2019-06-01,0.0855470404069536,0.08405612932381956,0.06440960784706173,0.10900429138650058,0.05178563522709245,0.005065123833152496,0.06141124287575117,0.06113012833264997,0.07445459991392256,0.07453139389238173,0.023691045374137465,0.044236733315102805
2019-07-01,0.038639095901684906,-0.0068698186926891,0.020056620398249514,0.0032292744295667752,0.023435980013546187,0.031692932382251904,-0.011994148412542982,0.028765992372390414,0.016243541753303337,0.00953822214670974,0.006630507854713974,0.031219988149495004
2019-08-01,-0.015352460801013934,-0.08325357815212142,-0.016743017149806305,-0.028282357509581635,-0.05273698122422965,0.03434376956381868,-0.005924840704568113,-0.047079660159468184,-0.00944335902128679,-0.02647133755211406,0.05088157945695326,0.0217064245331251
2019-09-01,0.012574098704630554,0.029923256445085533,0.014771600251375139,0.02663598503056419,0.028893610704483486,0.01168081307459734,-0.005187589324268216,0.04011883987517195,0.009366152687969587,0.024683174233407934,0.03451596592386075,0.011528083479240392
2019-10-01,0.04222845969376876,-0.011991674324877244,0.026824788948287104,0.004855145995819488,0.025557309233376957,0.014888352839277141,0.05562557385328337,0.03022567612852156,0.004564171833787656,0.01669566331552197,0.00010630567972014227,0.0016581540288069796
2019-11-01,0.05366363244251304,0.01604569662480304,0.036198085376966116,0.03179245648875151,-0.005033254303813073,-0.011245581167548258,0.050026150109412804,0.050522620767532,0.013239459942514742,0.044962412465435087,-0.018677067496365884,0.013734397747535487
2019-12-01,0.03981365108632251,0.01952782579106227,0.024020831945694487,0.022984403590134983,0.0077568897012347815,-0.0012874511828369073,0.023821804223308485,0.020895444629877247,0.02425488406807097,-0.006947442939467363,0.02490091007528572,0.015806479783424976
2020-01-01,0.0433186859314747,-0.07436461559115615,0.004510730702501631,-0.05653353428786734,-0.008371929709059533,0.026041902901436043,-0.016311677855574302,-0.0216855561939876,0.0024969755501815794,0.0005299911716005745,0.07580810079948042,0.011392987223509454
2020-02-01,-0.07300955890902305,-0.15288168217944953,-0.07916583203760597,-0.08519857541046683,-0.0486063683960567,-0.07581696063416243,-0.06586653779478335,-0.11248315810145892,-0.07572607339791848,-0.09900141331294454,-0.09857899073279253,-0.08214618980025734
2020-03-01,-0.09052845247031815,-0.3580738006770564,-0.129987065087672,-0.14567517690009224,-0.11218280936554426,-0.2040046829600921,-0.04351557315045018,-0.216999066209681,-0.15324213081136195,-0.19252879383134325,-0.10887753162591796,-0.060700110285204834
2020-04-01,0.1433035080385605,0.3369003856503847,0.1336103808336775,0.15956116168645984,0.10497244710269049,0.1036915949308661,0.13133931939486,0.10390235075064402,0.1945939965533816,0.09656903205578726,0.043733047929777946,0.07570503326985167
2020-05-01,0.07176452454679594,0.019999659474210896,0.047645348232824736,0.06881238293901637,0.0327205553414498,0.018014112512013458,0.03288849246207448,0.027205074141860353,0.06509421097427359,0.05388557112246839,0.04243801269471725,0.016649555799702398
2020-06-01,0.06655092757070769,-0.023477804640923416,0.013275314612607003,0.016230865800714422,-0.01886769203829275,0.01795423665987128,-0.028540638679647068,-0.011533562522022645,0.028343678353314417,0.015221016675610377,-0.05461547797773114,-0.009961282415736239
2020-07-01,0.05976038256073779,-0.03587759448287409,0.06355203753563798,0.07704820402992474,0.04772892059909983,0.04815489593371414,0.05902904585122659,0.04508593319354959,0.07524151223578412,0.04874010197222822,0.08697258332940705,0.07756824899378612
2020-08-01,0.11880841557095723,-0.010546770737611011,0.06979668658420501,0.043571827743626335,0.012887608608138423,0.0023156374886115216,0.025869519184019252,0.0428631784731659,0.09554739142652258,0.08476248882689408,-0.025974172374667925,0.045932923205936005
2020-09-01,-0.0554433534753388,-0.15988773183825966,-0.04128142417302294,0.010319042473344364,-0.0646492844147184,-0.029301107566768847,-0.025678880121853154,-0.039505174163542156,-0.02072102450791169,-0.010667181303970041,0.0021942534408645464,-0.022567783057341972
2020-10-01,-0.047938773012808356,-0.02529209506206742,-0.021030260065505457,-0.0025536423617746884,-0.013764631133740268,-0.023295537636603525,-0.03238301930940002,-0.0032724028797975757,-0.025209335250210407,-0.010588514377809943,0.059556714572991165,-0.02292157327713973
2020-11-01,0.11383756666549316,0.27994397741336763,0.10877652647496716,0.12361509004803417,0.11983473906062625,0.08579538360942607,0.07948042891750795,0.1684825900334863,0.09995097523862229,0.16027389784354207,0.00737427128680701,0.07468680004804296
2020-12-01,0.052964092695801046,0.031012090892270416,0.03264674087708541,0.019721244093175994,0.013753545492956487,0.017704445207146646,0.033715908003350004,0.05738885508216085,0.02238347221450887,0.005907526463119428,-0.002227993097472347,0.008070555627232467
2021-01-01,-0.006074135825041682,0.05134248165752009,-0.005971221205317678,-0.019298922789440898,0.025227684024626384,0.0028507730821853983,0.018197416951802214,-0.012710853357869367,0.009517796406601109,-0.03872805565736048,-0.0003949091488592016,-0.04185950958657525
2021-02-01,0.013650722864775533,0.22456818009599022,0.027805532836255864,0.04119476137232514,-0.005196602299515685,0.024273204396872083,-0.021038119942783484,0.1160622581738544,-0.005308408627662797,0.06889259876503817,-0.060981544823064726,-0.012326422838535245
2021-03-01,0.0162215100758889,0.018899009871419015,0.04198645652050925,0.07138000354423002,0.0555011529835423,0.05254722556330771,0.03667527807912285,0.053853083415995595,0.04294154950136586,0.08652454293377687,0.09732683531794084,0.07914702958464637
2021-04-01,0.054099400460207336,0.017408013407648415,0.05635904681640014,0.058257081147117695,0.024048208564033224,0.08417884359723882,0.0429253816936892,0.06962451053214691,0.06624754894498919,0.03853460002064413,0.04962832396473993,0.024099617911226945
2021-05-01,-0.009305848007190476,0.05709640937757632,0.006566071896780379,0.05081909325068512,0.009132582029605096,0.010081629534328007,0.0187094307481952,0.04771102167158858,-0.0339817469856053,0.0312959092323466,-0.023381391444376343,0.017677012933746683
2021-06-01,0.06690790263427226,0.03179452839893471,0.019093506615759814,-0.056727258051313734,0.0021115142767602624,0.017466779428999546,0.01901273144108484,-0.03421981073459157,0.03303641688915171,-0.02587519272904326,-0.029619358757298153,-0.011862373505587942
2021-07-01,0.04077707793452734,-0.07379301845289787,0.0277637220788729,0.025206490257693392,0.024435244389276356,0.05215579293289685,0.053320233079928725,-0.0006901554100844365,0.012028431850454657,0.01256709292436975,0.05143698856750967,0.028647717778896853
2021-08-01,0.03559333090183148,-0.020044647639609003,0.029760008740892907,0.018924041282618598,0.019804492130529816,0.019396436869028477,0.02315557386718825,0.05147847017733853,0.01784604693367764,0.011126053035447558,0.03895705909914016,0.010487989169862821
2021-09-01,-0.060052697717462244,0.07623964396003968,-0.0496501721329945,-0.07592547741445999,-0.0594200959556056,-0.05882892813228713,-0.05850157956599078,-0.022656248837169213,-0.022869701929256858,-0.06382171334484232,-0.06798949899720941,-0.047329265359055794
2021-10-01,0.08367334036493368,0.11668669424895728,0.07359197475581758,0.08067384151300216,-0.011452780514953242,0.07567900646338965,0.05492194566367492,0.07738623924337507,0.12260192246277368,0.07141741472640462,0.05536379310472017,0.041459420692298465
2021-11-01,0.0445119305181898,-0.05011308400090109,-0.008034771356081327,-0.005521676117061114,-0.03396234290802491,-0.024125753836571118,-0.030563693575081152,-0.057128571747338874,0.016355950576157685,-0.035601505475879924,-0.017037760425768322,-0.013473462001067693
2021-12-01,0.030523502338122954,0.016669543963003353,0.04258491842058598,0.07040756844643759,0.07128902489050537,0.08349642959893444,0.08602504792354515,0.02871421217773018,0.0,0.05001488810131893,0.08833820333261433,0.09702673419687491
2022-01-01,-0.06667911441750352,0.20312738264851227,-0.04941334742890702,-0.06326036329930962,-0.05751203832824847,-0.0728325615696791,-0.06498464252765757,0.005048221255659735,-0.09397879713125268,-0.04432436020237318,-0.02494675074716457,-0.008030406587587913
2022-02-01,-0.04877451542602551,0.07069171565958055,-0.02951700620595754,-0.01267021776113042,-0.02715802397401279,-0.04588103983799263,-0.009677619392555958,-0.013824892429328162,-0.04065960031260163,-0.008437482661736273,-0.019061163569905615,-0.014084445456456485
2022-03-01,0.031543807786045264,0.08302639299612746,0.034377006175688285,0.057207979514910745,-0.006646886526902374,0.06421464893356177,0.05409357999384201,-0.005192107014306835,0.042664734494406,0.03093393473347472,0.09612832752177658,0.01321757834805215
2022-04-01,-0.10852991426182446,-0.007472022042667281,-0.0849351850665011,-0.03176197293592964,-0.1261920559469757,-0.037312733132532694,-0.045941918670657445,-0.09590207314489207,-0.11821483075015138,-0.07305769293394926,-0.036581457882671864,0.02770024052719
2022-05-01,-0.006859120056066148,0.16034613578960855,0.0022573941673806885,0.011760733812009372,0.05196300787970021,-0.044433589150340236,0.014889722051022902,0.02781777201393698,-0.05120327794586066,-0.004624874215553243,0.043081527880153736,-0.040829517072655475
2022-06-01,-0.09490906874874527,-0.17993131054719902,-0.08640711065536588,-0.14448468250114777,-0.08049772808217015,-0.07222120252712472,-0.030174630906195876,-0.11333506703849305,-0.11039225316952261,-0.07771889685463351,-0.056504832583389786,-0.030750517376547326
2022-07-01,0.13746657668644446,0.10892780425932358,0.09680516836504593,0.06889650733888075,0.02207716504748536,0.09249023104660958,0.03679776954375091,0.07757360843499894,0.18712947081795006,0.09983831354177775,0.0629086800038483,0.039752503365327874
2022-08-01,-0.062127284180449105,0.026523739438609306,-0.04080206586417745,-0.034813575629960125,-0.030932006990965877,-0.05862367679458513,-0.05770397995431642,-0.019578641685024212,-0.04495497396236714,-0.02833529534867185,0.005273950261268867,-0.01852572762530702
2022-09-01,-0.12183936136112994,-0.1053415885840816,-0.0961587698911649,-0.09813030270448964,-0.15636352136889742,-0.13621898536233434,-0.029256193634956018,-0.08139173219357632,-0.0839817952047004,-0.10857636668636661,-0.11877864595042531,-0.08726586438577455
2022-10-01,0.07918606852764243,0.26327791695133995,0.08571741189453941,0.09541235408638782,0.10795216392993479,0.04241415455358122,0.10048001708857934,0.12512327433263182,0.013208645087793291,0.14439442797691293,0.026290816964070096,0.09715522191295567
2022-11-01,0.06326737752504186,0.01277767803538854,0.055591408615371485,0.11703566903136164,0.032132103235750664,0.061673979253135114,0.04723194003895004,0.068569803822077,0.01485775599998096,0.07811342911679842,0.06963157634371364,0.061176683139404275
2022-12-01,-0.08473082237991703,-0.04037310199108768,-0.061935567230382405,-0.061268881015393295,-0.05637358469200493,-0.055848565054367416,-0.022802533868812258,-0.058110457738772325,-0.11637113262511345,-0.034506422661337965,-0.013019800257306535,-0.03420120459264808
2023-01-01,0.09571196906926804,0.03871305521398405,0.06776799171257242,0.09678650303390501,0.09203234758751022,0.10969123777581147,-0.014285331729559925,0.07570890749953652,0.15444051244806767,0.042013071660737644,-0.011981414258136036,-0.0037720200817173977
2023-02-01,0.004118806319164392,-0.06938724002278829,-0.025142714585617676,-0.03331351271697336,-0.05921060513409804,-0.05961777200964169,-0.04641574462905629,-0.0229761073802226,-0.021250909546044805,-0.00863999880789068,-0.05919809768738116,-0.023189824218458388
2023-03-01,0.10613833469426925,-0.010276054632692433,0.03313486982772251,-0.014298019267990902,0.012237752718441852,-0.024922479222126093,0.018007338564762554,-0.099943744913635,0.027483804910031884,0.002079790815288085,0.04138451100338569,0.03720695392555706
2023-04-01,0.0010129945801602425,0.03849397104602725,0.01985251207123717,0.002979742317607892,-0.019536899335067415,0.014934185475061534,0.03546151553830068,0.03684663352426698,-0.008217121912543646,-0.00760736395706052,0.026568659201136935,0.04152417950635656
2023-05-01,0.0891731591275251,-0.10031706020582298,0.004616153741431095,-0.06865313191237554,-0.049245831125496076,-0.040265959850143695,-0.042687103652966574,-0.042508170156071,0.025361871007992587,-0.03149994898678943,-0.058712606609638396,-0.06159592836312522
2023-06-01,0.05831516004453041,0.05979894267505892,0.06085896173667327,0.1046389063201496,0.03126457189415399,0.05241377393325197,0.03833212761036564,0.061398011839376654,0.1200447795405799,0.10810528072391379,0.007854546547565677,0.020641145675482475
2023-07-01,0.027973999852462184,0.08723087248645633,0.03656966102902137,0.03946435965905892,0.020411635215102253,0.022251804948811627,0.014859111115332668,0.0527596722810213,0.025201554328214915,0.03299985871916222,0.0331521433530968,0.028547918805410966
2023-08-01,-0.015082641351174209,0.01646085404043207,-0.016252046466430636,-0.03301435225965421,0.019625312272940176,-0.030778079336347908,-0.00700740471912642,-0.026889560641811805,-0.017439813896420686,-0.019833279956598004,-0.06127930605151177,-0.03947186682942694
2023-09-01,-0.06677687236167174,0.016531649953960725,-0.050782817435267025,-0.05235852503591165,-0.06824149645436028,-0.08436841001595907,-0.03355584900698583,-0.03519477141615546,-0.056997359141436665,-0.06329120526911847,-0.0640088640401919,-0.05428816524066249
2023-10-01,0.0026250931370599417,-0.050573654630219345,-0.018257882506241052,-0.02703191813119843,-0.023319475435622627,-0.024997690847483045,-0.02865609769091515,-0.02005876637012871,-0.053481472618655546,-0.025836575044874577,0.021104363227080203,-0.007122589422958736
2023-11-01,0.12895570825580083,-0.0071604642354780035,0.0913439126375617,0.0834868856409372,0.045893669613849,0.12292571710716338,0.054359953963725616,0.1093943619602169,0.10966460344817253,0.08834891463369798,0.051432440872973384,0.041261419226004126
2023-12-01,0.03953329728540078,-0.008749104745085723,0.04143300421438134,0.037980808983744785,0.05127022906857759,0.08062422816755266,0.03861095735499798,0.04735369737572448,0.059426480018849315,0.06482947293198627,0.00908219584876191,0.01938844065240941
2024-01-01,0.02928152666568362,0.004426890915790738,0.020045418127459635,-0.032213668328115785,0.037739225178995195,-0.04296385678090542,0.03393847940731076,0.03595462712826958,-0.04241519756686529,-0.004231473362633298,-0.020544987918317936,0.020030496608950843
2024-02-01,0.04704577408782362,0.032729965050106724,0.052186856231294154,0.0650773293139919,-0.06513413066440954,0.02132581727901206,0.031628509998860466,0.040763623933983695,0.07892587123236239,0.07183990743472957,0.010577758776322277,0.020981947486250707
2024-03-01,0.006232602324875103,0.09600647389461936,0.029503110422231638,0.060872486625479505,0.0009106754377223858,0.014672577172488488,0.020093791946236506,0.04412487264636167,-0.0028198071688608772,0.04099160953774561,0.05716577353057639,0.025654786416470454
2024-04-01,-0.05606136831333497,-0.0014218399086347588,-0.037337736809220146,-0.042433377560500474,-0.0569521638927839,-0.07770084117718856,-0.04666121033627002,-0.03817757798846133,-0.04289224816347348,-0.03226764575216634,0.025002261131802372,-0.003983158217360061
2024-05-01,0.07076981272929728,-0.003421807910090058,0.05057966739520281,0.032720377416933344,0.05390974447586583,0.04927374100583126,0.02401481717357523,0.031714570307066925,0.001992987901381804,0.01637588300595949,0.08960132304450563,0.02437077257384268
2024-06-01,0.07646546873592608,-0.021995597566063174,0.0319509001632825,-0.03517980238433693,0.0009214611977972353,0.012345654492659008,0.0142657575960623,-0.012728068794558234,0.03654017638238938,-0.013278203911781694,-0.06298124829168206,-0.009826662491338789
2024-07-01,-0.031145933002655335,0.030812184715936386,0.0153742866810056,0.04834047069606817,0.06862102007462001,0.08307109617391761,0.030643689280831055,0.06818752169229447,0.03011719543223257,0.05275478697338665,0.07685488219447167,0.024259003112691913
