Date,10Y_Treasury,2Y_Treasury,3M_T-Bill,AAA_Corporate_Bond_Yield_Bond_AAA_Yield,AAA_Corporate_Bond_Yield_Bond_AAA_Yield_Volatility,BAA_Corporate_Bond_Yield_Bond_BAA_Yield,BAA_Corporate_Bond_Yield_Bond_BAA_Yield_Volatility,Building_Permits,CPI_(All_Items),Capacity_Utilization,Consumer_Sentiment_(UMich),Core_CPI,Exports_(Goods_&_Services),Fed_Funds_Rate,GDP_Growth_Rate,High_Yield_Spread_(ICE_BofA),Housing_Starts,Imports_(Goods_&_Services),Industrial_Production_Index,Initial_Jobless_Claims,Leading_Economic_Index,New_Home_Sales,Nonfarm_Payrolls,PCE_Price_Index,PPI_(All_Commodities),Personal_Consumption_Expenditures,Real_GDP,Retail_Sales_(Ex_Auto),TED_Spread,Trade_Weighted_USD_Index
2000-01-31,6.66,6.44,5.53,1.1,0.0549,1.68,0.0501,1683.0,168.8,82.4391,112.0,178.7,1236.298,5.45,5.4,4.78,1708.0,7543.5,91.48,288000.0,1.9,863.0,130783.0,72.763,127.8,6335.0,13604.771,245485.0,0.72,115.22
2000-02-29,6.52,6.61,5.62,1.27,0.113,1.91,0.1281,1727.0,169.3,82.0932,111.3,179.3,1236.298,5.73,5.4,4.9,1636.0,6690.3,91.41,294000.0,1.61,873.0,131011.0,72.961,128.3,6335.0,13604.771,243436.0,0.55,116.69
2000-03-31,6.26,6.53,5.72,1.57,0.0849,2.3,0.114,1692.0,170.0,82.0943,107.1,179.4,1236.298,5.85,6.7,5.37,1737.0,6902.1,91.72,275000.0,1.48,873.0,131121.0,73.191,129.8,6335.0,13827.98,247133.0,0.5,116.67
2000-04-30,5.99,6.4,5.66,1.5,0.0785,2.34,0.0563,1651.0,171.0,82.134,109.2,180.0,1262.725,6.02,6.7,5.85,1604.0,6584.4,92.08,272000.0,1.88,856.0,131604.0,73.505,130.8,6467.0,13827.98,249825.0,0.65,117.33
2000-05-31,6.44,6.81,5.48,1.59,0.0535,2.52,0.0873,1597.0,170.9,82.3741,110.7,180.3,1262.725,6.27,6.7,5.9,1626.0,6424.1,92.67,282000.0,2.13,900.0,131883.0,73.444,130.7,6467.0,13827.98,245831.0,0.96,119.91
2000-06-30,6.1,6.48,5.71,1.66,0.0797,2.4,0.0464,1543.0,171.2,82.335,106.4,180.7,1262.725,6.53,1.5,6.14,1575.0,7070.5,92.93,291000.0,1.85,841.0,132105.0,73.505,131.6,6467.0,13878.147,246201.0,1.1,118.7
2000-07-31,6.05,6.34,6.03,1.56,0.0467,2.27,0.0594,1572.0,172.2,82.1191,108.3,181.1,1280.897,6.54,1.5,6.12,1559.0,7850.2,93.0,295000.0,1.26,857.0,132062.0,73.754,133.8,6618.0,13878.147,248160.0,0.78,119.0
2000-08-31,5.83,6.23,6.13,1.79,0.0791,2.51,0.0823,1542.0,172.7,81.7036,107.3,181.5,1280.897,6.5,1.5,6.36,1463.0,8541.7,92.84,313000.0,0.99,793.0,132228.0,73.939,133.7,6618.0,13878.147,247176.0,0.6,119.82
2000-09-30,5.8,6.08,6.05,1.84,0.019,2.54,0.0292,1552.0,172.7,81.2193,106.8,181.9,1280.897,6.52,7.5,6.45,1541.0,9246.4,92.59,300000.0,1.05,887.0,132234.0,73.934,132.9,6618.0,14130.908,247576.0,0.68,121.21
2000-10-31,5.74,5.91,6.19,1.72,0.0468,2.56,0.0553,1570.0,173.6,81.2955,105.8,182.3,1319.937,6.51,7.5,7.29,1507.0,10054.0,92.98,301000.0,1.06,848.0,132338.0,74.252,134.7,6712.0,14130.908,251837.0,0.67,122.97
2000-11-30,5.72,5.88,6.03,1.83,0.0456,2.64,0.0573,1577.0,173.9,80.7298,107.6,182.6,1319.937,6.51,7.5,8.09,1549.0,10061.7,92.64,334000.0,1.19,912.0,132352.0,74.353,135.4,6712.0,14130.908,251221.0,0.58,123.97
2000-12-31,5.24,5.35,5.73,2.04,0.0885,2.88,0.0802,1614.0,174.2,80.4815,98.4,183.1,1319.937,6.4,0.4,9.01,1551.0,10611.6,92.66,346000.0,0.97,933.0,132556.0,74.457,135.0,6712.0,14145.312,250331.0,0.77,122.95
2001-01-31,5.16,4.76,4.86,1.92,0.0831,2.62,0.1261,1543.0,174.6,79.9449,94.7,183.3,1351.623,5.98,0.4,8.46,1532.0,9066.8,92.35,340000.0,0.8,880.0,132716.0,74.571,136.2,6820.0,14145.312,250658.0,0.55,122.81
2001-02-28,5.1,4.66,4.73,2.05,0.0591,2.88,0.0961,1699.0,175.6,79.2915,90.6,183.9,1351.623,5.49,0.4,7.61,1600.0,7604.7,91.89,371000.0,0.95,983.0,132703.0,74.932,140.0,6820.0,14145.312,252654.0,0.46,123.54
2001-03-31,4.89,4.34,4.2,2.13,0.0553,3.04,0.0929,1656.0,176.0,78.5159,91.5,184.4,1351.623,5.31,2.4,7.92,1625.0,8427.5,91.29,387000.0,0.66,936.0,132788.0,75.048,137.4,6820.0,14229.765,252704.0,0.54,125.55
2001-04-30,5.14,4.23,3.86,1.93,0.0677,2.73,0.0941,1659.0,176.1,78.0741,88.4,184.7,1338.104,4.8,2.4,8.5,1590.0,6375.6,91.06,397000.0,0.46,963.0,132751.0,75.055,135.9,6919.0,14229.765,250328.0,0.75,126.52
2001-05-31,5.39,4.26,3.55,1.86,0.0527,2.65,0.0502,1666.0,176.4,77.561,92.0,185.1,1338.104,4.21,2.4,7.69,1649.0,7590.2,90.74,394000.0,0.26,939.0,132457.0,75.187,136.4,6919.0,14229.765,254763.0,0.48,126.4
2001-06-30,5.28,4.08,3.57,1.83,0.0393,2.65,0.038,1665.0,177.3,76.9249,92.6,185.3,1338.104,3.97,-1.3,8.06,1605.0,7686.8,90.26,397000.0,0.44,909.0,132409.0,75.385,136.8,6919.0,14183.12,255218.0,0.35,127.23
2001-07-31,5.24,4.04,3.46,1.96,0.044,2.78,0.0381,1626.0,177.7,76.3013,92.4,186.0,1321.256,3.77,-1.3,8.26,1636.0,7757.9,89.78,398000.0,0.6,885.0,132299.0,75.518,135.5,6995.0,14183.12,254022.0,0.23,127.64
2001-08-31,4.97,3.76,3.3,2.07,0.0741,2.9,0.0819,1598.0,177.4,75.6377,91.5,186.4,1321.256,3.65,-1.3,8.05,1670.0,8398.2,89.24,398000.0,0.28,882.0,132171.0,75.493,133.4,6995.0,14183.12,252997.0,0.2,125.55
2001-09-30,4.73,3.12,2.35,2.57,0.2486,3.42,0.2524,1615.0,177.4,75.3826,81.8,186.7,1321.256,3.07,2.5,9.24,1567.0,8975.3,89.16,435000.0,0.39,880.0,132021.0,75.484,133.4,6995.0,14271.694,254560.0,0.35,125.9
2001-10-31,4.57,2.73,2.01,2.51,0.0521,3.38,0.0496,1565.0,178.1,74.7982,82.7,187.1,1282.544,2.49,2.5,9.8,1562.0,10042.9,88.67,481000.0,-0.08,866.0,131763.0,75.227,133.3,7042.0,14271.694,249845.0,0.24,126.74
2001-11-30,4.65,2.78,1.75,2.24,0.1293,3.1,0.1469,1566.0,177.6,74.4059,83.9,187.4,1282.544,2.09,2.5,8.79,1540.0,9927.8,88.41,448000.0,-0.32,853.0,131452.0,75.492,130.3,7042.0,14271.694,267999.0,0.23,127.27
2001-12-31,5.09,3.11,1.71,1.54,0.2921,2.85,0.0928,1651.0,177.5,73.8179,88.8,188.1,1282.544,1.82,-1.6,8.29,1602.0,10808.3,87.89,417000.0,-0.4,871.0,131144.0,75.441,129.8,7042.0,14214.516,260514.0,0.24,127.39
2002-01-31,5.04,3.03,1.73,1.47,0.0402,2.85,0.034,1680.0,177.4,73.6523,93.0,188.4,1216.869,1.73,-1.6,8.15,1568.0,8878.8,87.85,408000.0,-0.05,924.0,130983.0,75.363,128.1,7070.0,14214.516,256549.0,0.17,128.9
2002-02-28,4.91,3.02,1.76,1.64,0.0476,2.98,0.0423,1665.0,177.7,74.042,90.7,188.7,1216.869,1.74,-1.6,8.1,1698.0,7409.1,88.46,399000.0,0.53,979.0,130859.0,75.431,128.5,7070.0,14214.516,256307.0,0.18,129.64
2002-03-31,5.28,3.56,1.76,1.48,0.043,2.81,0.0609,1787.0,178.0,73.9315,95.7,189.1,1216.869,1.73,1.1,7.33,1829.0,8415.4,88.46,415000.0,0.71,880.0,130736.0,75.558,128.4,7070.0,14253.574,257670.0,0.2,128.91
2002-04-30,5.21,3.42,1.74,1.6,0.0466,2.84,0.0254,1691.0,178.5,74.401,93.0,189.2,1174.568,1.75,1.1,7.16,1642.0,8020.8,89.13,429000.0,0.51,948.0,130722.0,75.763,129.8,7187.0,14253.574,257059.0,0.26,128.54
2002-05-31,5.16,3.26,1.71,1.65,0.0383,2.98,0.0485,1669.0,179.3,74.683,96.9,189.7,1174.568,1.75,1.1,7.03,1592.0,7259.0,89.55,409000.0,0.61,923.0,130615.0,76.08,130.8,7187.0,14253.574,261333.0,0.18,126.96
2002-06-30,4.93,2.99,1.67,1.75,0.0391,3.13,0.0557,1716.0,179.5,74.948,92.4,190.0,1174.568,1.75,3.4,7.98,1764.0,9097.6,89.93,387000.0,0.73,936.0,130632.0,76.13,130.8,7187.0,14372.785,257573.0,0.18,125.54
2002-07-31,4.65,2.56,1.68,2.02,0.0995,3.25,0.0636,1758.0,179.6,75.5244,88.1,190.2,1200.226,1.73,3.4,9.36,1717.0,9846.9,90.67,386000.0,0.99,978.0,130673.0,76.225,130.9,7218.0,14372.785,259786.0,0.16,123.81
2002-08-31,4.26,2.13,1.66,2.14,0.0373,3.32,0.0339,1738.0,180.0,75.4765,87.6,190.5,1200.226,1.74,3.4,9.79,1655.0,10727.2,90.64,394000.0,1.12,957.0,130583.0,76.393,131.2,7218.0,14372.785,262769.0,0.16,125.2
2002-09-30,3.87,2.0,1.54,2.46,0.0819,3.76,0.1153,1695.0,180.5,75.39,86.1,191.1,1200.226,1.75,2.5,9.85,1633.0,11213.2,90.55,410000.0,0.91,956.0,130582.0,76.543,131.5,7218.0,14460.848,265043.0,0.18,126.06
2002-10-31,3.94,1.91,1.42,2.41,0.0824,3.82,0.0642,1803.0,180.8,75.4643,80.6,191.3,1235.95,1.75,2.5,10.68,1804.0,12671.4,90.64,408000.0,0.97,1014.0,130503.0,76.681,132.3,7308.0,14460.848,260626.0,0.2,127.04
2002-11-30,4.05,1.92,1.2,2.17,0.0656,3.38,0.1319,1799.0,181.2,75.2771,84.2,191.5,1235.95,1.34,2.5,9.65,1648.0,12291.5,90.4,392000.0,0.88,1044.0,130617.0,76.821,133.2,7308.0,14460.848,261953.0,0.23,125.73
2002-12-31,4.03,1.84,1.2,2.26,0.0418,3.48,0.0392,1771.0,181.5,75.7113,86.7,191.9,1235.95,1.24,1.6,8.96,1753.0,11455.0,90.89,414000.0,0.72,1006.0,130616.0,76.897,133.1,7308.0,14519.633,263568.0,0.21,125.06
2003-01-31,4.05,1.74,1.16,2.04,0.0409,3.16,0.0653,1896.0,181.8,75.3192,82.4,192.1,1239.872,1.24,1.6,8.18,1788.0,12569.6,90.39,395000.0,0.66,1024.0,130465.0,76.971,132.9,7397.0,14519.633,265930.0,0.2,123.56
2003-02-28,3.9,1.63,1.18,2.12,0.0454,3.21,0.0306,1808.0,182.6,75.9737,79.9,192.4,1239.872,1.26,1.6,8.43,1853.0,11625.0,91.14,411000.0,0.91,1048.0,130573.0,77.201,135.3,7397.0,14519.633,267230.0,0.18,123.4
2003-03-31,3.81,1.57,1.12,1.94,0.0954,3.04,0.1123,1854.0,183.6,76.0964,77.6,192.5,1239.872,1.25,0.5,8.04,1629.0,11403.5,91.25,427000.0,0.69,999.0,130441.0,77.526,137.6,7397.0,14537.58,263188.0,0.16,122.89
2003-04-30,3.96,1.62,1.11,1.64,0.0917,2.76,0.0852,1757.0,183.9,75.9158,86.0,192.5,1221.597,1.26,0.5,7.02,1726.0,9629.6,91.0,436000.0,0.47,936.0,130235.0,77.725,141.2,7473.0,14537.58,267820.0,0.17,121.95
2003-05-31,3.57,1.42,1.09,1.67,0.0307,2.85,0.0552,1803.0,183.2,75.471,92.1,192.5,1221.597,1.26,0.5,6.64,1643.0,10110.0,90.43,424000.0,0.26,999.0,130172.0,77.593,136.8,7473.0,14537.58,267197.0,0.22,117.94
2003-06-30,3.33,1.23,0.89,1.62,0.0323,2.81,0.0271,1835.0,182.9,75.4753,89.7,192.9,1221.597,1.22,2.1,6.34,1751.0,11521.9,90.4,422000.0,0.47,1012.0,130196.0,77.504,136.7,7473.0,14614.141,267362.0,0.21,117.34
2003-07-31,3.98,1.47,0.94,1.46,0.0786,2.58,0.0776,1875.0,183.1,75.6024,90.9,193.0,1217.842,1.01,2.1,5.86,1867.0,11884.7,90.52,412000.0,0.56,1078.0,130185.0,77.588,138.0,7567.0,14614.141,270396.0,0.21,118.49
2003-08-31,4.45,1.86,0.96,1.38,0.0462,2.46,0.0661,1885.0,183.7,76.0121,89.3,193.4,1217.842,1.03,2.1,5.82,1897.0,12127.3,90.99,400000.0,0.93,1193.0,130184.0,77.816,137.7,7567.0,14614.141,273352.0,0.19,119.86
2003-09-30,4.27,1.71,0.93,1.47,0.0523,2.57,0.0508,1966.0,184.5,75.865,87.7,193.6,1217.842,1.01,3.6,5.36,1833.0,13438.6,90.79,396000.0,1.13,1168.0,130153.0,78.079,138.0,7567.0,14743.567,277965.0,0.21,118.62
2003-10-31,4.29,1.75,0.94,1.36,0.0301,2.36,0.0632,1961.0,185.1,76.3685,89.6,193.7,1219.986,1.01,3.6,4.92,1939.0,13764.9,91.38,382000.0,1.49,1206.0,130253.0,78.323,138.5,7661.0,14743.567,276430.0,0.24,116.16
2003-11-30,4.3,1.93,0.91,1.3,0.03,2.33,0.0258,2012.0,184.9,76.4833,93.7,194.0,1219.986,1.0,3.6,4.62,1967.0,14747.5,91.5,363000.0,1.56,1131.0,130440.0,78.333,139.3,7661.0,14743.567,274764.0,0.24,116.03
2003-12-31,4.27,1.91,0.93,1.36,0.0297,2.34,0.0191,1918.0,185.0,77.0141,92.6,194.0,1219.986,0.98,6.8,4.28,2083.0,16458.3,92.13,358000.0,1.53,1144.0,130481.0,78.432,138.9,7661.0,14988.782,278298.0,0.27,114.48
2004-01-31,4.15,1.76,0.9,1.37,0.0371,2.19,0.0457,1987.0,185.5,77.0642,103.8,194.2,1253.316,1.0,6.8,3.94,2057.0,14156.9,92.17,360000.0,1.78,1093.0,130589.0,78.605,139.5,7821.0,14988.782,277612.0,0.25,112.64
2004-02-29,4.08,1.74,0.94,1.44,0.0299,2.21,0.0213,1952.0,186.3,77.2041,94.4,194.6,1253.316,1.01,6.8,4.26,1911.0,13192.8,92.33,361000.0,1.51,1129.0,130756.0,78.909,141.4,7821.0,14988.782,278913.0,0.2,113.07
2004-03-31,3.83,1.58,0.93,1.51,0.0437,2.29,0.0515,1966.0,186.7,77.6963,95.8,194.9,1253.316,1.0,4.7,4.4,1846.0,14089.0,92.9,342000.0,1.47,1165.0,130820.0,79.077,142.1,7821.0,15162.76,280932.0,0.18,114.22
2004-04-30,4.35,2.07,0.96,1.34,0.0328,2.05,0.0506,2066.0,187.1,77.4077,94.2,195.5,1309.666,1.0,4.7,3.98,1998.0,11267.1,92.54,348000.0,1.61,1159.0,131139.0,79.199,143.1,7913.0,15162.76,286209.0,0.21,115.03
2004-05-31,4.72,2.53,1.06,1.31,0.0233,2.03,0.0292,2070.0,187.4,77.7236,90.2,195.9,1309.666,1.0,4.7,4.25,2003.0,13800.1,92.9,336000.0,1.64,1276.0,131412.0,79.346,144.8,7913.0,15162.76,282952.0,0.23,116.85
2004-06-30,4.73,2.76,1.31,1.29,0.0173,2.09,0.0187,2150.0,188.2,78.3145,95.6,196.2,1309.666,1.03,2.3,4.07,1981.0,14744.8,93.58,349000.0,1.8,1186.0,131697.0,79.604,146.8,7913.0,15248.68,288252.0,0.23,115.77
2004-07-31,4.5,2.64,1.42,1.31,0.0178,2.1,0.018,2020.0,188.9,77.724,96.7,196.6,1339.286,1.26,2.3,4.01,1828.0,15067.1,92.87,343000.0,1.53,1241.0,131794.0,79.831,147.2,8049.0,15248.68,284133.0,0.3,114.97
2004-08-31,4.28,2.51,1.57,1.38,0.0261,2.19,0.024,2112.0,189.1,78.305,95.9,196.8,1339.286,1.43,2.3,4.08,2002.0,16887.8,93.55,341000.0,1.57,1180.0,131853.0,79.905,147.4,8049.0,15248.68,287358.0,0.26,115.15
2004-09-30,4.13,2.53,1.68,1.33,0.0165,2.11,0.0198,2056.0,189.2,78.3738,94.2,196.9,1339.286,1.61,3.1,3.87,2024.0,17562.1,93.63,337000.0,1.47,1088.0,131940.0,79.946,148.0,8049.0,15366.85,287941.0,0.25,114.71
2004-10-31,4.1,2.58,1.87,1.36,0.0288,2.09,0.0161,2041.0,189.8,78.4547,91.7,197.5,1367.358,1.76,3.1,3.73,1905.0,18067.9,93.74,334000.0,1.38,1175.0,132091.0,80.104,147.7,8147.0,15366.85,293139.0,0.32,113.08
2004-11-30,4.19,2.85,2.19,1.26,0.0551,1.95,0.0475,2097.0,190.8,79.1352,92.8,197.9,1367.358,1.93,3.1,3.29,2072.0,18386.9,94.57,329000.0,1.38,1214.0,132431.0,80.448,150.0,8147.0,15366.85,295115.0,0.23,110.18
2004-12-31,4.23,3.01,2.18,1.19,0.0205,1.86,0.0271,2079.0,191.7,79.3,97.1,198.3,1367.358,2.16,3.8,3.1,1782.0,19718.2,94.8,325000.0,1.5,1305.0,132504.0,80.758,151.4,8147.0,15512.619,296177.0,0.31,108.97
2005-01-31,4.22,3.22,2.48,1.08,0.0406,1.75,0.0347,2082.0,191.7,79.8779,95.5,198.6,1371.93,2.28,3.8,3.2,2042.0,19679.0,95.54,343000.0,1.37,1179.0,132629.0,80.801,150.2,8283.0,15512.619,299763.0,0.33,109.54
2005-02-28,4.17,3.38,2.72,0.99,0.0217,1.59,0.0391,2139.0,191.6,80.1076,94.1,199.0,1371.93,2.5,3.8,3.05,2144.0,17412.0,95.88,312000.0,1.16,1242.0,132781.0,80.907,150.9,8283.0,15512.619,296696.0,0.28,109.74
2005-03-31,4.5,3.73,2.73,0.9,0.0369,1.64,0.0403,2114.0,192.4,80.6185,92.6,199.4,1371.93,2.63,4.1,2.98,2207.0,17885.8,96.57,332000.0,1.54,1203.0,133033.0,81.132,151.6,8283.0,15670.88,300557.0,0.29,109.16
2005-04-30,4.34,3.65,2.84,1.0,0.0364,1.76,0.0476,2062.0,193.1,80.4254,87.7,200.1,1404.51,2.79,4.1,3.78,1864.0,16937.6,96.43,323000.0,1.39,1319.0,133152.0,81.375,153.7,8449.0,15670.88,301308.0,0.37,110.08
2005-05-31,4.14,3.64,2.93,1.02,0.0286,1.9,0.0518,2150.0,193.7,80.5049,86.9,200.2,1404.51,3.0,4.1,4.23,2061.0,16184.9,96.63,327000.0,1.64,1328.0,133519.0,81.603,155.0,8449.0,15670.88,303760.0,0.43,110.58
2005-06-30,4.0,3.64,3.06,0.97,0.0211,1.87,0.026,2085.0,193.6,80.4835,96.0,200.5,1404.51,3.04,4.5,3.9,2025.0,18148.5,96.73,326000.0,1.31,1260.0,133689.0,81.649,154.3,8449.0,15844.727,301776.0,0.45,111.64
2005-07-31,4.18,3.87,3.34,0.8,0.0427,1.67,0.0534,2178.0,193.7,80.7304,96.5,200.6,1430.827,3.26,4.5,3.49,2068.0,19053.2,97.15,324000.0,1.67,1286.0,133947.0,81.7,154.3,8552.0,15844.727,310989.0,0.4,112.1
2005-08-31,4.26,4.04,3.44,0.89,0.0224,1.77,0.0257,2203.0,194.9,80.3636,89.1,200.9,1430.827,3.5,4.5,3.37,2054.0,20976.7,96.84,316000.0,1.68,1274.0,134300.0,82.046,156.3,8552.0,15844.727,313520.0,0.36,110.64
2005-09-30,4.2,3.95,3.47,0.88,0.0182,1.81,0.0118,2219.0,196.1,80.5144,76.9,201.1,1430.827,3.62,2.0,3.64,2095.0,21272.7,97.16,383000.0,1.78,1389.0,134503.0,82.377,157.6,8552.0,15922.782,310046.0,0.49,110.51
2005-10-31,4.46,4.27,3.89,0.86,0.0176,1.83,0.0199,2263.0,198.8,78.8408,74.2,201.3,1462.813,3.78,2.0,3.58,2151.0,22421.3,95.28,352000.0,1.3,1255.0,134554.0,83.172,162.2,8701.0,15922.782,310673.0,0.46,111.57
2005-11-30,4.54,4.42,3.86,0.93,0.0215,1.89,0.0325,2170.0,199.1,79.6882,81.6,202.0,1462.813,4.0,2.0,3.62,2065.0,23294.5,96.44,317000.0,1.35,1244.0,134643.0,83.305,166.2,8701.0,15922.782,310479.0,0.47,112.36
2005-12-31,4.47,4.4,3.99,0.87,0.0214,1.82,0.0231,2218.0,198.1,80.4459,91.5,202.5,1462.813,4.16,3.2,3.65,2147.0,24382.9,97.5,316000.0,1.51,1336.0,134999.0,83.131,163.7,8701.0,16047.587,313303.0,0.61,111.65
2006-01-31,4.42,4.4,4.37,0.86,0.0127,1.78,0.0213,2120.0,198.1,80.7149,91.2,202.8,1462.546,4.29,3.2,3.55,1994.0,22426.1,97.97,296000.0,1.7,1214.0,135158.0,83.131,163.0,8868.0,16047.587,313473.0,0.37,110.2
2006-02-28,4.57,4.67,4.51,0.76,0.0254,1.65,0.0335,2212.0,199.3,80.7219,86.7,203.2,1462.546,4.49,3.2,3.34,2273.0,20486.0,98.13,291000.0,1.85,1239.0,135426.0,83.534,164.3,8868.0,16047.587,322348.0,0.32,110.38
2006-03-31,4.72,4.73,4.52,0.81,0.0194,1.69,0.0166,2141.0,199.4,80.6346,88.9,203.6,1462.546,4.59,2.2,3.25,2119.0,21382.5,98.17,302000.0,1.62,1174.0,135731.0,83.584,161.8,8868.0,16136.734,320171.0,0.41,110.54
2006-04-30,4.99,4.89,4.65,0.88,0.0203,1.67,0.0176,2118.0,199.7,80.693,87.4,204.3,1507.833,4.79,2.2,3.06,1969.0,17905.4,98.39,304000.0,1.58,1061.0,136036.0,83.746,162.2,8955.0,16136.734,320869.0,0.47,109.76
2006-05-31,5.11,4.97,4.74,0.83,0.0152,1.66,0.0314,1998.0,200.7,80.8033,79.1,204.8,1507.833,4.94,2.2,3.02,1821.0,20531.3,98.68,333000.0,1.43,1116.0,136208.0,84.135,164.3,8955.0,16136.734,322561.0,0.47,107.54
2006-06-30,5.11,5.12,4.87,0.76,0.0269,1.67,0.0136,1905.0,201.3,80.6874,84.9,205.4,1507.833,4.99,5.5,3.28,1942.0,21459.1,98.71,306000.0,1.08,1123.0,136249.0,84.361,165.8,8955.0,16353.835,321794.0,0.59,108.8
2006-07-31,5.09,5.12,4.97,0.8,0.0145,1.68,0.0128,1867.0,201.8,80.8131,84.7,205.9,1568.985,5.24,5.5,3.37,1802.0,22317.6,99.04,319000.0,1.13,1086.0,136335.0,84.569,166.1,9100.0,16353.835,323184.0,0.55,108.5
2006-08-31,4.88,4.9,4.92,0.8,0.0153,1.73,0.0201,1763.0,202.9,80.6047,82.0,206.3,1568.985,5.25,5.5,3.42,1737.0,23989.7,98.98,314000.0,0.72,1074.0,136529.0,84.858,166.8,9100.0,16353.835,324204.0,0.46,107.81
2006-09-30,4.72,4.77,4.77,0.78,0.0092,1.72,0.0155,1722.0,203.8,80.7869,85.4,206.8,1568.985,5.25,1.0,3.43,1650.0,24632.0,99.4,316000.0,1.01,965.0,136693.0,85.125,167.9,9100.0,16396.151,325324.0,0.58,108.05
2006-10-31,4.73,4.8,4.95,0.78,0.01,1.64,0.0353,1655.0,202.8,80.4643,93.6,207.2,1598.092,5.25,1.0,3.25,1720.0,26713.3,99.22,316000.0,0.88,1035.0,136829.0,84.902,165.4,9228.0,16396.151,323236.0,0.46,108.36
2006-11-30,4.6,4.74,4.9,0.74,0.0186,1.64,0.0162,1570.0,201.9,80.1979,92.1,207.6,1598.092,5.25,1.0,3.14,1491.0,27570.6,99.12,326000.0,1.08,1016.0,136846.0,84.702,162.2,9228.0,16396.151,322678.0,0.43,107.46
2006-12-31,4.56,4.67,4.89,0.75,0.0095,1.64,0.0127,1535.0,202.0,79.9873,91.7,207.8,1598.092,5.24,0.6,3.0,1570.0,29388.6,99.1,324000.0,0.82,941.0,137061.0,84.731,164.6,9228.0,16420.738,323343.0,0.51,106.66
2007-01-31,4.76,4.88,4.99,0.65,0.0094,1.57,0.0218,1638.0,203.1,80.6149,96.9,208.1,1596.037,5.25,0.6,2.76,1649.0,27775.1,100.11,317000.0,1.0,1003.0,137249.0,85.032,165.6,9354.0,16420.738,326849.0,0.38,107.68
2007-02-28,4.72,4.85,5.01,0.69,0.015,1.6,0.0173,1626.0,203.437,80.1358,91.3,208.6,1596.037,5.26,0.6,2.62,1409.0,24109.2,99.75,323000.0,1.28,998.0,137472.0,85.316,164.0,9354.0,16420.738,327181.0,0.33,107.27
2007-03-31,4.56,4.57,4.9,0.78,0.0258,1.75,0.0449,1598.0,204.226,80.7193,88.4,209.135,1596.037,5.26,3.5,2.86,1480.0,25640.6,100.72,309000.0,1.09,891.0,137558.0,85.581,166.8,9354.0,16561.866,327953.0,0.41,106.75
2007-04-30,4.69,4.67,4.79,0.77,0.0211,1.68,0.0244,1596.0,205.288,80.6791,87.1,209.418,1656.573,5.25,3.5,2.74,1495.0,23038.9,100.9,320000.0,1.34,828.0,137782.0,85.894,169.3,9427.0,16561.866,330579.0,0.49,105.4
2007-05-31,4.75,4.77,4.6,0.67,0.0347,1.6,0.0177,1470.0,205.904,81.0476,88.3,209.747,1656.573,5.25,3.5,2.57,1490.0,22723.0,101.57,304000.0,1.04,833.0,137845.0,86.096,171.4,9427.0,16561.866,329560.0,0.63,104.5
2007-06-30,5.1,4.98,4.68,0.7,0.0291,1.59,0.0136,1493.0,206.755,80.9347,85.3,210.058,1656.573,5.25,1.2,2.61,1415.0,24241.5,101.63,315000.0,1.21,887.0,137993.0,86.346,173.3,9427.0,16611.69,334202.0,0.75,104.25
2007-07-31,5.0,4.82,4.82,0.84,0.044,1.85,0.1062,1407.0,207.234,80.8222,90.4,210.392,1689.392,5.26,1.2,3.35,1448.0,25290.6,101.65,313000.0,0.7,842.0,138069.0,86.529,173.8,9572.0,16611.69,331076.0,0.54,102.94
2007-08-31,4.67,4.31,3.91,1.22,0.1384,2.05,0.0936,1361.0,207.603,80.5906,83.4,210.773,1689.392,5.02,1.2,4.31,1354.0,27071.0,101.5,320000.0,0.51,793.0,138044.0,86.661,175.1,9572.0,16611.69,332342.0,1.3,103.49
2007-09-30,4.52,4.01,3.72,1.17,0.035,2.0,0.0456,1321.0,207.667,80.6774,83.4,211.119,1689.392,4.94,2.5,4.42,1330.0,28601.2,101.69,313000.0,0.55,778.0,138013.0,86.72,172.4,9572.0,16713.314,334169.0,1.59,102.11
2007-10-31,4.53,3.97,3.84,1.14,0.0253,1.99,0.0411,1261.0,208.547,80.8326,80.9,211.554,1714.981,4.76,2.5,4.16,1183.0,28424.5,101.94,328000.0,0.4,699.0,138101.0,87.054,173.5,9679.0,16713.314,335442.0,1.24,100.05
2007-11-30,4.15,3.34,3.08,1.37,0.0789,2.47,0.1569,1192.0,209.19,80.5829,76.1,212.077,1714.981,4.49,2.5,5.31,1264.0,29419.0,101.64,336000.0,0.61,686.0,138177.0,87.318,174.7,9679.0,16713.314,337530.0,1.69,98.6
2007-12-31,4.1,3.12,3.29,1.37,0.0361,2.52,0.0449,1224.0,210.834,81.0492,75.5,212.66,1714.981,4.24,2.3,5.69,1197.0,31555.4,102.22,348000.0,0.43,727.0,138291.0,87.781,179.0,9679.0,16809.587,341133.0,2.0,99.45
2008-01-31,3.74,2.48,1.92,1.71,0.1133,2.96,0.1512,1149.0,211.445,81.1309,78.4,213.168,1768.587,3.94,2.3,6.8,1037.0,29780.7,102.28,339000.0,0.25,641.0,138395.0,87.984,178.6,9798.0,16809.587,336189.0,1.17,98.65
2008-02-29,3.74,1.97,1.81,1.89,0.0477,3.22,0.0585,1094.0,212.174,81.0828,70.8,213.771,1768.587,2.98,2.3,7.25,1084.0,25656.6,102.15,347000.0,0.41,619.0,138391.0,88.206,181.0,9798.0,16809.587,337412.0,0.96,97.81
2008-03-31,3.51,1.62,1.36,2.03,0.0629,3.45,0.0787,1014.0,212.687,80.8474,69.5,213.939,1768.587,2.61,2.5,8.08,1103.0,26193.0,101.78,363000.0,0.32,627.0,138327.0,88.382,182.7,9798.0,16915.191,334584.0,1.52,95.87
2008-04-30,3.68,2.05,1.41,1.74,0.0918,3.1,0.1176,967.0,213.448,80.6547,62.6,214.42,1809.181,2.28,2.5,7.39,1005.0,24095.9,101.45,360000.0,0.19,593.0,138257.0,88.635,187.9,9937.0,16915.191,335193.0,1.5,95.5
2008-05-31,3.88,2.45,1.85,1.61,0.0334,3.0,0.0305,1008.0,213.942,80.1636,59.8,214.56,1809.181,1.98,2.5,6.69,1013.0,22440.2,100.76,367000.0,0.18,535.0,138038.0,88.799,190.9,9937.0,16915.191,334843.0,0.95,95.83
2008-06-30,4.1,2.77,1.87,1.61,0.0554,3.05,0.0516,995.0,215.208,79.7148,56.4,214.936,1809.181,2.0,-1.7,6.73,973.0,25951.7,100.13,383000.0,0.0,536.0,137851.0,89.18,196.6,9937.0,16843.003,337947.0,0.91,96.04
2008-07-31,4.01,2.57,1.65,1.74,0.0402,3.22,0.0501,1180.0,217.463,79.5288,61.2,215.424,1838.024,2.01,-1.7,7.75,1046.0,27634.5,99.87,398000.0,-0.12,504.0,137698.0,89.827,200.5,10004.0,16843.003,338311.0,1.17,95.35
2008-08-31,3.89,2.42,1.69,1.77,0.0191,3.29,0.032,921.0,219.016,79.1573,63.0,215.965,1838.024,2.0,-1.7,8.2,923.0,27930.6,99.42,433000.0,-0.41,487.0,137498.0,90.245,205.5,10004.0,16843.003,336771.0,1.08,97.84
2008-09-30,3.69,2.08,0.9,2.16,0.1571,4.0,0.2426,858.0,218.69,77.8633,70.3,216.393,1838.024,1.81,2.4,9.19,844.0,31247.3,97.85,464000.0,-0.79,477.0,137211.0,90.172,199.0,10004.0,16943.291,334045.0,2.0,100.19
2008-10-31,3.81,1.61,0.44,2.53,0.1071,5.53,0.5376,797.0,218.877,74.3831,57.6,216.713,1892.001,0.97,2.4,14.94,820.0,31823.7,93.56,475000.0,-0.6,435.0,136762.0,90.247,196.9,10130.0,16943.291,328343.0,3.35,106.89
2008-11-30,3.53,1.21,0.01,2.67,0.0573,6.1,0.2304,736.0,216.995,75.0459,55.3,216.788,1892.001,0.39,2.4,17.96,777.0,33078.7,94.5,520000.0,-1.18,433.0,136293.0,89.651,186.4,10130.0,16943.291,314830.0,2.1,109.53
2008-12-31,2.42,0.82,0.11,2.45,0.0939,5.82,0.0974,626.0,213.153,73.9671,60.1,216.947,1892.001,0.16,-2.1,20.31,652.0,34032.4,93.26,564000.0,-1.77,393.0,135543.0,88.593,176.8,10130.0,16854.295,301332.0,1.8,108.36
2009-01-31,2.52,0.81,0.24,2.45,0.0673,5.38,0.1206,554.0,211.398,71.7765,61.2,216.925,1883.563,0.15,-2.1,16.73,560.0,28265.0,90.63,572000.0,-1.88,389.0,134847.0,88.098,170.9,10159.0,16854.295,294025.0,1.08,109.01
2009-02-28,2.87,0.98,0.26,2.41,0.0717,5.22,0.0741,545.0,211.933,69.8882,56.3,217.346,1883.563,0.22,-2.1,16.54,490.0,25079.5,88.37,644000.0,-2.32,377.0,134078.0,88.108,171.2,10159.0,16854.295,298673.0,0.95,111.76
2009-03-31,2.82,0.93,0.21,2.68,0.1636,5.74,0.2084,558.0,212.705,69.3805,57.3,217.792,1883.563,0.18,-8.5,17.84,582.0,24743.5,87.84,659000.0,-2.29,336.0,133317.0,88.266,169.3,10159.0,16485.35,297631.0,1.05,112.24
2009-04-30,2.93,0.93,0.14,2.29,0.1036,5.08,0.1977,513.0,212.495,68.2145,65.1,218.253,1772.8,0.15,-8.5,15.6,505.0,18845.5,86.47,628000.0,-2.65,372.0,132492.0,88.169,168.1,9907.0,16485.35,292300.0,0.95,109.46
2009-05-31,3.29,0.93,0.14,1.89,0.1024,4.29,0.1958,521.0,212.709,67.6067,68.7,218.706,1772.8,0.18,-8.5,12.51,478.0,21224.7,85.79,612000.0,-2.21,339.0,131821.0,88.295,169.1,9907.0,16485.35,293614.0,0.64,106.32
2009-06-30,3.72,1.18,0.19,1.84,0.084,3.64,0.2112,556.0,213.022,66.8861,70.8,218.904,1772.8,0.21,-4.5,10.81,540.0,21920.6,84.94,598000.0,-1.29,337.0,131468.0,88.387,170.8,9907.0,16298.262,296501.0,0.44,104.96
2009-07-31,3.56,1.02,0.18,1.66,0.0841,3.11,0.1841,601.0,214.79,66.6446,66.0,219.112,1631.257,0.16,-4.5,10.27,585.0,22734.1,84.67,566000.0,-0.77,376.0,131007.0,88.912,174.1,9815.0,16298.262,302169.0,0.33,104.57
2009-08-31,3.59,1.12,0.15,1.72,0.0784,2.98,0.0752,595.0,214.726,67.4381,65.7,219.263,1631.257,0.16,-4.5,8.97,594.0,23972.8,85.69,559000.0,-0.21,393.0,130662.0,88.922,172.5,9815.0,16298.262,302802.0,0.25,103.32
2009-09-30,3.4,0.96,0.14,1.73,0.0333,2.86,0.072,616.0,215.445,68.2152,73.5,219.496,1631.257,0.15,-0.7,8.45,586.0,25671.1,86.64,548000.0,-0.06,411.0,130472.0,89.18,175.0,9815.0,16269.145,309023.0,0.17,102.54
2009-10-31,3.39,0.95,0.05,1.75,0.0342,2.86,0.0488,609.0,215.861,68.8533,70.6,219.92,1641.991,0.12,-0.7,7.76,585.0,25798.1,87.38,525000.0,0.3,418.0,130247.0,89.324,174.1,9806.0,16269.145,301033.0,0.21,101.08
2009-11-30,3.4,0.8,0.06,1.8,0.0315,2.99,0.0394,583.0,216.509,69.0873,67.4,220.501,1641.991,0.12,-0.7,7.56,534.0,27893.9,87.58,494000.0,0.17,386.0,130062.0,89.663,175.2,9806.0,16269.145,304154.0,0.22,100.6
2009-12-31,3.59,0.87,0.06,1.48,0.1127,2.54,0.1431,623.0,217.234,69.468,72.5,220.666,1641.991,0.12,1.4,6.94,588.0,29557.8,87.94,486000.0,0.46,396.0,130058.0,89.887,177.4,9806.0,16326.281,306675.0,0.2,101.02
2010-01-31,3.73,0.93,0.08,1.61,0.0753,2.57,0.0411,664.0,217.347,69.823,74.4,220.881,1702.68,0.11,1.4,6.23,581.0,27541.7,88.24,480000.0,0.65,375.0,129808.0,89.939,178.1,9939.0,16326.281,308413.0,0.19,101.33
2010-02-28,3.69,0.86,0.13,1.6,0.0394,2.62,0.0514,636.0,217.488,70.7084,73.6,220.633,1702.68,0.13,1.4,6.73,614.0,26470.1,89.19,486000.0,0.54,352.0,129802.0,90.136,181.9,9939.0,16326.281,308229.0,0.14,102.78
2010-03-31,3.73,0.96,0.16,1.48,0.0455,2.47,0.0598,650.0,217.281,71.1021,73.6,220.731,1702.68,0.16,4.4,6.12,604.0,25215.9,89.5,470000.0,0.76,345.0,129705.0,90.134,181.0,9939.0,16502.754,308457.0,0.12,101.96
2010-04-30,3.85,1.06,0.16,1.44,0.0127,2.38,0.0271,687.0,217.353,71.7572,72.2,220.783,1796.464,0.2,4.4,5.59,636.0,23342.8,90.14,469000.0,1.1,336.0,129865.0,90.261,183.3,10005.0,16502.754,315743.0,0.15,101.46
2010-05-31,3.42,0.83,0.16,1.7,0.0862,2.89,0.1679,637.0,217.403,72.1775,73.6,220.822,1796.464,0.2,4.4,6.5,687.0,24292.2,90.46,459000.0,1.14,381.0,130120.0,90.31,184.4,10005.0,16502.754,318696.0,0.3,104.26
2010-06-30,3.2,0.72,0.18,1.69,0.0303,3.08,0.0593,575.0,217.29,73.3305,76.0,220.962,1796.464,0.18,1.9,7.02,583.0,25920.2,91.7,460000.0,1.42,422.0,130643.0,90.339,184.8,10005.0,16582.71,315409.0,0.41,104.83
2010-07-31,3.01,0.62,0.15,1.76,0.0251,2.91,0.0589,587.0,217.199,73.6492,67.8,221.194,1836.914,0.18,1.9,6.78,536.0,29052.4,91.9,459000.0,1.45,280.0,130509.0,90.301,183.5,10102.0,16582.71,314770.0,0.35,103.2
2010-08-31,2.7,0.52,0.14,1.79,0.0384,3.01,0.0484,579.0,217.605,74.0764,68.9,221.363,1836.914,0.19,1.9,6.76,546.0,32843.1,92.25,475000.0,1.41,305.0,130415.0,90.378,184.1,10102.0,16582.71,315684.0,0.21,102.4
2010-09-30,2.65,0.48,0.16,2.01,0.0827,3.05,0.0402,580.0,217.923,74.479,68.2,221.509,1836.914,0.19,3.9,6.42,599.0,33266.8,92.59,454000.0,0.89,283.0,130416.0,90.502,184.9,10102.0,16743.162,317008.0,0.14,101.4
2010-10-31,2.54,0.38,0.12,2.12,0.0576,3.15,0.0594,563.0,218.275,74.8001,67.7,221.711,1877.331,0.19,3.9,6.01,594.0,35375.3,92.85,447000.0,0.51,282.0,130342.0,90.592,184.9,10208.0,16743.162,320014.0,0.16,98.77
2010-11-30,2.76,0.45,0.17,1.98,0.0815,3.03,0.0801,558.0,219.035,74.6921,71.6,221.83,1877.331,0.19,3.9,5.87,543.0,35196.7,92.6,426000.0,0.79,317.0,130621.0,90.881,186.6,10208.0,16743.162,323990.0,0.14,99.05
2010-12-31,3.29,0.62,0.12,1.58,0.1402,2.68,0.124,560.0,219.59,74.8191,74.5,222.149,1877.331,0.18,3.1,5.55,545.0,35083.3,92.67,420000.0,1.4,291.0,130749.0,91.062,187.7,10208.0,16872.266,327341.0,0.16,99.71
2011-01-31,3.39,0.61,0.15,1.7,0.0362,2.68,0.0256,632.0,220.472,75.6199,74.2,222.343,1930.963,0.17,3.1,5.12,539.0,34564.3,93.59,427000.0,1.52,287.0,130830.0,91.268,189.7,10301.0,16872.266,329670.0,0.15,98.55
2011-02-28,3.58,0.77,0.15,1.67,0.0502,2.57,0.0427,576.0,221.187,75.4919,77.5,222.803,1930.963,0.16,3.1,4.66,630.0,30799.6,93.39,402000.0,1.43,326.0,130837.0,91.542,192.7,10301.0,16872.266,332141.0,0.18,97.8
2011-03-31,3.41,0.7,0.09,1.68,0.0482,2.58,0.0468,542.0,221.898,75.1957,67.5,223.213,1930.963,0.14,2.1,4.84,517.0,31377.4,93.0,406000.0,1.49,307.0,131056.0,91.797,195.8,10301.0,16960.864,334635.0,0.21,96.87
2011-04-30,3.46,0.73,0.04,1.77,0.0554,2.58,0.0132,583.0,223.046,75.9692,69.8,223.454,1983.824,0.1,2.1,4.66,600.0,27244.7,93.97,421000.0,1.65,270.0,131282.0,92.166,199.2,10430.0,16960.864,337892.0,0.22,95.26
2011-05-31,3.17,0.56,0.06,1.89,0.0445,2.65,0.0276,581.0,224.093,75.6918,74.3,223.727,1983.824,0.09,2.1,4.85,554.0,27599.7,93.66,422000.0,1.53,300.0,131597.0,92.557,203.1,10430.0,16960.864,339711.0,0.22,95.23
2011-06-30,3.0,0.41,0.03,1.96,0.0381,2.72,0.0436,618.0,224.806,75.7389,71.5,224.175,1983.824,0.09,-0.9,5.49,561.0,29580.3,93.77,418000.0,1.3,310.0,131704.0,92.838,204.1,10430.0,16920.632,338974.0,0.21,95.2
2011-07-31,3.0,0.41,0.1,1.85,0.0409,2.77,0.0356,636.0,224.806,75.8967,63.7,224.697,2000.839,0.07,-0.9,5.43,608.0,32788.1,94.05,413000.0,1.23,305.0,131931.0,92.819,203.9,10558.0,16920.632,341643.0,0.21,94.55
2011-08-31,2.3,0.23,0.02,2.18,0.1515,3.25,0.1854,621.0,225.395,76.1727,55.8,225.218,2000.839,0.1,-0.9,6.99,623.0,34374.8,94.5,410000.0,1.31,301.0,131993.0,92.977,204.6,10558.0,16920.632,341321.0,0.27,95.09
2011-09-30,1.98,0.21,0.02,2.04,0.0392,3.3,0.0511,647.0,226.106,76.557,59.5,225.862,2000.839,0.08,2.7,7.68,585.0,35152.2,95.1,418000.0,1.64,296.0,132125.0,93.196,203.2,10558.0,17035.114,341973.0,0.34,97.93
2011-10-31,2.15,0.28,0.01,1.71,0.1154,3.02,0.1139,610.0,226.597,76.3854,60.8,226.118,2034.722,0.07,2.7,7.91,650.0,37374.1,95.02,402000.0,1.38,299.0,132344.0,93.327,203.7,10673.0,17035.114,345554.0,0.39,98.83
2011-11-30,2.01,0.25,0.01,1.99,0.0616,3.24,0.0668,671.0,226.75,76.7959,63.7,226.506,2034.722,0.08,2.7,7.61,610.0,36418.6,95.69,389000.0,1.56,304.0,132553.0,93.329,201.1,10673.0,17035.114,347691.0,0.46,99.46
2011-12-31,1.98,0.26,0.02,1.88,0.0419,3.27,0.0214,706.0,227.169,76.6551,69.9,226.899,2034.722,0.07,-0.1,7.52,711.0,37824.1,95.68,377000.0,1.81,316.0,132690.0,93.52,201.4,10673.0,17031.313,349082.0,0.55,100.4
2012-01-31,1.97,0.24,0.06,1.89,0.0373,3.24,0.0235,697.0,227.223,76.9204,75.0,227.405,2062.73,0.08,-0.1,6.84,694.0,36764.9,96.18,378000.0,1.73,328.0,132888.0,93.574,199.8,10755.0,17031.313,349646.0,0.53,99.78
2012-02-29,1.97,0.28,0.08,1.82,0.0384,3.1,0.045,712.0,227.842,77.2407,75.3,227.877,2062.73,0.1,-0.1,6.24,723.0,32872.3,96.76,363000.0,1.97,341.0,133245.0,93.894,200.7,10755.0,17031.313,352564.0,0.41,98.05
2012-03-31,2.17,0.34,0.07,1.81,0.0473,3.07,0.039,738.0,228.329,77.3425,76.2,228.034,2062.73,0.13,4.6,5.96,704.0,34417.5,97.07,367000.0,1.89,335.0,133508.0,94.104,201.6,10755.0,17222.583,357350.0,0.39,98.64
2012-04-30,2.05,0.29,0.1,2.0,0.0622,3.2,0.0379,806.0,228.807,76.798,76.4,228.478,2078.364,0.14,4.6,6.13,695.0,28105.2,96.56,382000.0,1.94,366.0,133748.0,94.284,204.2,10809.0,17222.583,358627.0,0.39,98.96
2012-05-31,1.8,0.29,0.07,2.04,0.0252,3.4,0.0769,732.0,229.187,77.2057,79.3,228.905,2078.364,0.16,4.6,6.31,753.0,31431.3,97.25,374000.0,1.82,354.0,133825.0,94.408,203.7,10809.0,17222.583,356607.0,0.38,100.68
2012-06-30,1.62,0.29,0.09,1.99,0.0438,3.39,0.0333,796.0,228.713,77.233,73.2,229.224,2078.364,0.16,3.4,6.77,708.0,33016.3,97.46,379000.0,1.73,354.0,133933.0,94.302,201.9,10809.0,17367.01,355867.0,0.37,102.12
2012-07-31,1.53,0.25,0.11,1.78,0.0781,3.27,0.0511,794.0,228.524,77.1126,72.3,229.623,2103.747,0.16,3.4,6.36,757.0,34937.8,97.48,372000.0,1.5,370.0,134012.0,94.254,199.8,10959.0,17367.01,352053.0,0.36,101.64
2012-08-31,1.68,0.27,0.09,1.79,0.0236,3.21,0.0243,849.0,228.59,77.1378,74.3,229.97,2103.747,0.13,3.4,5.92,740.0,35949.4,97.67,373000.0,1.47,360.0,134157.0,94.288,200.1,10959.0,17367.01,353688.0,0.33,100.76
2012-09-30,1.72,0.26,0.1,1.77,0.0422,3.07,0.0699,840.0,229.918,76.6993,78.3,230.233,2103.747,0.14,1.8,5.61,754.0,37930.8,97.27,382000.0,1.44,369.0,134338.0,94.605,202.7,10959.0,17444.525,358499.0,0.28,99.18
2012-10-31,1.75,0.28,0.11,1.68,0.0332,2.73,0.1232,930.0,231.015,76.5385,82.6,230.659,2124.46,0.16,1.8,5.49,847.0,37280.6,97.22,368000.0,1.62,375.0,134517.0,94.893,204.4,11005.0,17444.525,361272.0,0.22,98.87
2012-11-30,1.65,0.27,0.08,1.96,0.0923,2.95,0.0698,887.0,231.638,76.6654,82.7,231.024,2124.46,0.16,1.8,5.71,915.0,37891.8,97.53,401000.0,1.82,385.0,134668.0,95.174,203.5,11005.0,17444.525,361685.0,0.22,99.54
2012-12-31,1.72,0.26,0.05,1.89,0.0301,2.85,0.043,917.0,231.249,76.849,72.9,231.33,2124.46,0.16,0.6,5.34,833.0,40257.1,97.91,359000.0,1.37,358.0,134825.0,95.109,201.8,11005.0,17469.65,362788.0,0.24,98.96
2013-01-31,1.91,0.27,0.07,1.88,0.0115,2.82,0.0153,941.0,231.221,76.9607,73.8,231.725,2137.473,0.14,0.6,4.92,976.0,39543.7,98.19,353000.0,1.58,392.0,135074.0,95.094,201.5,11059.0,17469.65,364127.0,0.23,98.87
2013-02-28,1.98,0.27,0.11,1.95,0.024,2.89,0.0197,940.0,231.679,76.8466,77.6,232.229,2137.473,0.15,0.6,4.99,888.0,34857.6,98.17,353000.0,1.71,399.0,135257.0,95.275,202.5,11059.0,17469.65,366967.0,0.19,99.68
2013-03-31,1.96,0.26,0.07,2.03,0.0201,2.96,0.023,980.0,232.937,77.1172,78.6,232.569,2137.473,0.14,0.5,4.8,962.0,37193.7,98.64,352000.0,2.0,446.0,135545.0,95.614,204.3,11059.0,17489.852,372138.0,0.19,100.54
2013-04-30,1.76,0.23,0.05,2.0,0.0281,2.83,0.0359,936.0,232.282,77.3418,76.4,232.794,2139.526,0.15,0.5,4.76,1010.0,32742.7,99.05,347000.0,1.8,447.0,135689.0,95.488,204.0,11166.0,17489.852,368962.0,0.22,100.19
2013-05-31,1.93,0.25,0.04,1.93,0.0269,2.79,0.0276,1012.0,231.797,77.1785,84.5,232.832,2139.526,0.11,0.5,4.38,835.0,27294.1,98.94,348000.0,1.71,444.0,135873.0,95.391,203.5,11166.0,17489.852,367040.0,0.23,100.62
2013-06-30,2.3,0.33,0.04,1.8,0.0754,2.83,0.0321,1003.0,231.893,77.1749,84.1,232.996,2139.526,0.09,4.0,5.06,930.0,33131.9,99.04,345000.0,1.67,441.0,136095.0,95.461,204.1,11166.0,17662.4,369500.0,0.22,101.43
2013-07-31,2.58,0.34,0.04,1.78,0.0272,2.68,0.0481,942.0,232.445,77.2476,85.1,233.35,2150.631,0.09,4.0,4.82,839.0,36617.6,99.22,346000.0,1.56,428.0,136279.0,95.673,204.3,11278.0,17662.4,370730.0,0.23,101.98
2013-08-31,2.74,0.36,0.03,1.71,0.0308,2.56,0.0411,997.0,232.9,76.9323,82.1,233.88,2150.631,0.08,4.0,4.75,880.0,35886.0,98.9,333000.0,1.54,470.0,136391.0,95.792,204.4,11278.0,17662.4,373090.0,0.22,101.87
2013-09-30,2.81,0.4,0.02,1.92,0.0655,2.75,0.0647,964.0,233.456,77.3333,77.5,234.336,2150.631,0.08,1.1,4.64,917.0,38800.4,99.49,314000.0,1.67,375.0,136646.0,95.934,204.2,11278.0,17709.671,372210.0,0.24,101.65
2013-10-31,2.62,0.34,0.04,1.91,0.0232,2.65,0.0424,1004.0,233.544,77.6904,73.2,234.7,2170.131,0.09,1.1,4.55,850.0,39161.3,100.02,358000.0,1.75,381.0,136821.0,95.976,203.9,11316.0,17709.671,372302.0,0.19,100.63
2013-11-30,2.72,0.3,0.06,1.87,0.0229,2.61,0.0287,1044.0,233.669,77.5455,75.1,234.921,2170.131,0.08,1.1,4.32,925.0,40144.4,99.9,328000.0,1.39,403.0,137041.0,96.103,202.5,11316.0,17709.671,373253.0,0.17,101.52
2013-12-31,2.9,0.34,0.07,1.53,0.1248,2.33,0.1006,1029.0,234.1,77.6904,82.5,235.359,2170.131,0.09,3.5,4.09,1100.0,41845.5,100.16,346000.0,1.54,444.0,137316.0,96.246,201.2,11316.0,17860.45,373756.0,0.18,101.71
2014-01-31,2.86,0.39,0.02,1.76,0.0688,2.4,0.0256,1005.0,234.719,77.8052,81.2,235.759,2188.712,0.07,3.5,3.97,1002.0,40112.3,100.37,327000.0,1.5,446.0,137373.0,96.414,202.0,11408.0,17860.45,376445.0,0.2,102.65
2014-02-28,2.71,0.33,0.05,1.66,0.0382,2.35,0.0205,976.0,235.288,77.4541,81.6,235.961,2188.712,0.07,3.5,4.03,888.0,37500.2,99.99,335000.0,1.85,433.0,137561.0,96.614,203.8,11408.0,17860.45,373083.0,0.18,102.91
2014-03-31,2.72,0.4,0.05,1.59,0.0434,2.26,0.0516,1039.0,235.547,77.9861,80.0,236.185,2188.712,0.08,3.5,3.81,944.0,38377.2,100.75,321000.0,1.41,443.0,137712.0,96.66,205.7,11408.0,18016.147,378355.0,0.18,102.82
2014-04-30,2.71,0.42,0.03,1.54,0.026,2.16,0.0476,1067.0,236.028,78.7,84.1,236.625,2251.769,0.09,3.5,3.71,970.0,30700.4,101.74,323000.0,1.49,420.0,137985.0,96.815,207.0,11551.0,18016.147,382101.0,0.2,102.43
2014-05-31,2.56,0.39,0.04,1.68,0.0606,2.22,0.0369,1090.0,236.468,78.7032,81.9,237.072,2251.769,0.09,3.5,3.75,1043.0,31420.9,101.83,314000.0,1.79,405.0,138297.0,96.987,208.3,11551.0,18016.147,386376.0,0.19,102.11
2014-06-30,2.6,0.45,0.04,1.62,0.023,2.18,0.0207,1018.0,236.918,78.9551,82.5,237.529,2251.769,0.1,-1.4,3.47,1007.0,36450.2,102.24,314000.0,1.85,403.0,138512.0,97.147,208.0,11551.0,17953.974,386735.0,0.19,102.26
2014-07-31,2.54,0.51,0.03,1.57,0.023,2.17,0.0134,1010.0,237.231,79.1445,81.8,237.837,2230.209,0.09,-1.4,3.65,911.0,38188.1,102.58,302000.0,1.95,451.0,138849.0,97.253,208.3,11646.0,17953.974,387708.0,0.21,102.02
2014-08-31,2.42,0.47,0.03,1.6,0.0282,2.23,0.0291,1076.0,237.498,79.236,82.5,238.195,2230.209,0.09,-1.4,3.97,1085.0,39607.1,102.8,302000.0,1.92,418.0,139073.0,97.391,208.0,11646.0,17953.974,388043.0,0.2,102.93
2014-09-30,2.53,0.57,0.02,1.53,0.0314,2.29,0.016,1047.0,237.46,79.0306,84.6,238.405,2230.209,0.09,5.3,4.06,984.0,40319.6,102.63,295000.0,1.74,402.0,139269.0,97.379,207.0,11646.0,18185.911,391074.0,0.21,104.48
2014-10-31,2.3,0.45,0.01,1.55,0.0589,2.39,0.0577,1077.0,237.477,79.1927,86.9,238.786,2278.387,0.09,5.3,4.51,1023.0,40093.8,102.94,289000.0,1.97,456.0,139563.0,97.413,206.4,11810.0,18185.911,389456.0,0.21,105.82
2014-11-30,2.33,0.53,0.02,1.65,0.0413,2.52,0.0484,1094.0,237.43,79.1358,88.8,239.191,2278.387,0.09,5.3,4.46,1074.0,45102.8,102.96,292000.0,2.04,470.0,139797.0,97.384,203.4,11810.0,18185.911,390413.0,0.21,107.61
2014-12-31,2.21,0.64,0.04,1.55,0.0376,2.51,0.0353,1059.0,236.983,79.5592,93.6,239.458,2278.387,0.12,5.0,5.08,1001.0,45335.4,103.6,284000.0,1.74,476.0,140090.0,97.291,200.9,11810.0,18406.941,391491.0,0.22,110.21
2015-01-31,1.88,0.55,0.02,1.61,0.0343,2.61,0.0377,1072.0,236.252,79.5137,98.1,239.584,2287.79,0.11,5.0,5.29,1073.0,42483.5,103.62,288000.0,2.02,442.0,140364.0,97.12,197.0,11960.0,18406.941,388012.0,0.23,112.58
2015-02-28,1.98,0.62,0.02,1.64,0.0279,2.46,0.0489,1049.0,234.747,78.8301,95.4,239.811,2287.79,0.11,5.0,4.71,1085.0,40395.9,102.79,301000.0,1.7,497.0,140568.0,96.654,192.0,11960.0,18406.941,385312.0,0.24,114.03
2015-03-31,2.04,0.64,0.03,1.58,0.0257,2.55,0.0382,1127.0,235.342,78.2911,93.0,240.172,2287.79,0.11,2.0,4.66,886.0,38589.7,102.14,284000.0,1.7,515.0,140827.0,96.825,191.1,11960.0,18500.031,384779.0,0.24,116.11
2015-04-30,1.94,0.54,0.01,1.69,0.0313,2.6,0.0209,1072.0,235.976,77.9964,95.9,240.755,2306.749,0.12,2.0,4.63,960.0,31564.0,101.79,286000.0,1.7,540.0,140923.0,97.008,191.5,12082.0,18500.031,390738.0,0.25,114.94
2015-05-31,2.2,0.61,0.01,1.82,0.0532,2.72,0.0496,1166.0,236.222,77.5449,90.7,241.346,2306.749,0.12,2.0,4.51,1190.0,41136.9,101.23,274000.0,1.71,480.0,141196.0,97.094,190.9,12082.0,18500.031,391246.0,0.26,114.06
2015-06-30,2.36,0.69,0.01,1.84,0.034,2.83,0.0511,1272.0,237.001,77.1821,96.1,241.688,2306.749,0.13,3.6,4.66,1079.0,36121.4,100.77,274000.0,1.89,502.0,141538.0,97.327,193.4,12082.0,18666.621,394260.0,0.27,114.94
2015-07-31,2.32,0.67,0.08,1.87,0.027,2.94,0.0276,1379.0,237.657,76.9429,93.1,242.064,2288.491,0.13,3.6,5.11,1205.0,39082.0,100.46,278000.0,1.68,502.0,141709.0,97.516,194.8,12120.0,18666.621,394652.0,0.26,116.92
2015-08-31,2.17,0.7,0.08,1.94,0.0621,3.15,0.1033,1140.0,238.034,77.4307,91.9,242.565,2288.491,0.14,3.6,5.66,1146.0,41453.8,101.09,275000.0,1.84,480.0,141991.0,97.605,193.9,12120.0,18666.621,397994.0,0.25,119.11
2015-09-30,2.17,0.71,-0.01,1.94,0.038,3.29,0.0447,1165.0,238.033,77.308,87.2,242.817,2288.491,0.14,2.5,5.87,1130.0,41215.1,100.92,270000.0,1.76,506.0,142125.0,97.612,191.9,12120.0,18782.243,397712.0,0.31,120.01
2015-10-31,2.07,0.64,0.08,1.82,0.0458,3.19,0.0423,1144.0,237.498,77.1039,90.0,243.316,2294.628,0.12,2.5,6.2,1224.0,44138.1,100.63,267000.0,1.78,518.0,142275.0,97.477,189.1,12264.0,18782.243,395625.0,0.31,118.97
2015-11-30,2.26,0.88,0.22,1.78,0.0245,3.2,0.0225,1160.0,237.733,76.752,91.3,243.768,2294.628,0.12,2.5,6.14,1058.0,45725.0,100.16,268000.0,1.59,456.0,142579.0,97.477,187.5,12264.0,18782.243,394121.0,0.24,120.77
2015-12-31,2.24,0.98,0.16,1.77,0.0252,3.23,0.0337,1244.0,238.017,76.2118,92.6,244.241,2294.628,0.24,1.6,6.87,1172.0,44309.9,99.44,271000.0,1.55,482.0,142808.0,97.538,185.7,12264.0,18857.418,395827.0,0.31,122.0
2016-01-31,2.09,0.9,0.32,2.11,0.1195,3.48,0.0847,1211.0,237.761,75.845,92.0,244.547,2276.101,0.34,1.6,7.63,1146.0,41884.8,98.95,280000.0,1.63,504.0,143077.0,97.456,183.5,12382.0,18857.418,396822.0,0.36,124.63
2016-02-29,1.78,0.73,0.33,2.1,0.0524,3.55,0.04,1171.0,237.652,76.2263,91.7,244.955,2276.101,0.38,1.6,8.23,1092.0,37981.0,99.44,267000.0,1.4,546.0,143210.0,97.496,182.6,12382.0,18857.418,394305.0,0.31,123.63
2016-03-31,1.89,0.88,0.21,1.94,0.0811,3.12,0.1536,1172.0,237.336,75.8298,91.0,245.51,2276.101,0.36,0.7,6.98,1225.0,37126.4,98.92,263000.0,1.72,505.0,143407.0,97.445,181.3,12382.0,18892.206,397747.0,0.34,121.12
2016-04-30,1.81,0.77,0.22,1.8,0.081,2.86,0.0871,1118.0,238.08,75.2411,89.0,245.913,2273.012,0.37,0.7,6.62,1111.0,36066.9,98.16,266000.0,1.61,517.0,143662.0,97.673,182.1,12423.0,18892.206,396522.0,0.4,119.17
2016-05-31,1.81,0.82,0.34,1.79,0.0332,2.84,0.0211,1160.0,238.992,75.4701,94.7,246.551,2273.012,0.37,0.7,6.26,1163.0,29812.3,98.48,274000.0,1.56,532.0,143855.0,97.993,183.2,12423.0,18892.206,397977.0,0.37,120.43
2016-06-30,1.64,0.73,0.26,1.9,0.0558,2.92,0.041,1205.0,239.557,75.2833,93.5,247.137,2273.012,0.38,2.3,6.1,1148.0,32920.2,98.25,265000.0,1.43,576.0,143900.0,98.153,185.3,12423.0,19001.69,399587.0,0.38,120.87
2016-07-31,1.5,0.67,0.27,1.79,0.0426,2.71,0.0672,1208.0,240.222,75.6283,90.0,247.54,2266.512,0.39,2.3,5.65,1203.0,37513.7,98.73,259000.0,1.45,571.0,144146.0,98.325,187.6,12523.0,19001.69,404408.0,0.4,121.7
2016-08-31,1.56,0.74,0.33,1.66,0.0741,2.61,0.0491,1198.0,240.101,75.6916,89.8,247.829,2266.512,0.4,2.3,5.3,1239.0,38539.2,98.85,264000.0,1.5,557.0,144520.0,98.342,187.7,12523.0,19001.69,403560.0,0.52,120.57
2016-09-30,1.63,0.77,0.28,1.84,0.0506,2.69,0.0266,1201.0,240.545,75.5879,91.2,248.423,2266.512,0.4,1.3,5.15,1171.0,39438.9,98.74,252000.0,1.54,628.0,144662.0,98.479,186.6,12523.0,19062.709,403580.0,0.56,121.51
2016-10-31,1.76,0.84,0.34,1.77,0.0333,2.61,0.0228,1303.0,241.176,75.4977,87.2,248.842,2284.053,0.4,1.3,4.74,1068.0,43221.8,98.66,256000.0,1.36,575.0,144967.0,98.666,186.9,12665.0,19062.709,405979.0,0.55,122.64
2016-11-30,2.14,0.98,0.48,1.64,0.0732,2.45,0.0742,1254.0,241.741,75.5318,93.8,249.142,2284.053,0.41,1.3,4.89,1313.0,42020.9,98.72,246000.0,1.27,558.0,145066.0,98.868,186.7,12665.0,19062.709,407000.0,0.46,125.55
2016-12-31,2.49,1.2,0.5,1.53,0.0673,2.28,0.0793,1230.0,242.026,75.2309,98.2,249.481,2284.053,0.54,2.9,4.28,1140.0,43798.1,98.34,252000.0,1.7,575.0,145183.0,98.901,186.3,12665.0,19197.938,405846.0,0.47,127.53
2017-01-31,2.43,1.21,0.52,1.54,0.0186,2.23,0.0214,1248.0,242.637,75.7622,98.5,249.92,2321.136,0.65,2.9,4.01,1252.0,42602.6,99.04,244000.0,1.62,571.0,145408.0,99.071,188.2,12797.0,19197.938,412437.0,0.51,127.36
2017-02-28,2.42,1.2,0.53,1.48,0.0221,2.19,0.019,1303.0,243.618,75.5995,96.3,250.467,2321.136,0.66,2.9,3.85,1190.0,39358.9,98.82,230000.0,1.73,561.0,145628.0,99.451,190.7,12797.0,19197.938,415660.0,0.52,125.57
2017-03-31,2.48,1.31,0.75,1.54,0.0322,2.24,0.0316,1234.0,244.006,75.3306,96.9,250.998,2321.136,0.79,2.2,3.9,1271.0,41335.6,98.44,234000.0,1.58,573.0,145848.0,99.586,191.6,12797.0,19304.352,415563.0,0.4,125.04
2017-04-30,2.3,1.24,0.79,1.56,0.0207,2.28,0.0175,1272.0,243.892,75.8344,97.0,250.944,2303.823,0.9,2.2,3.91,1190.0,32785.0,99.05,228000.0,1.73,587.0,145969.0,99.535,191.5,12922.0,19304.352,414869.0,0.36,124.12
2017-05-31,2.3,1.3,0.96,1.54,0.022,2.23,0.0202,1251.0,244.193,76.6403,97.1,251.227,2303.823,0.91,2.2,3.74,1146.0,34162.0,100.04,239000.0,1.59,632.0,146174.0,99.725,193.0,12922.0,19304.352,416613.0,0.29,123.63
2017-06-30,2.19,1.34,1.01,1.4,0.0551,2.09,0.0467,1208.0,244.004,76.764,95.0,251.43,2303.823,1.04,2.0,3.75,1157.0,37441.9,100.13,248000.0,1.42,598.0,146380.0,99.682,192.8,12922.0,19398.343,414253.0,0.28,122.02
2017-07-31,2.32,1.37,1.05,1.38,0.0138,2.06,0.0142,1353.0,244.163,76.9926,93.4,251.746,2359.904,1.15,2.0,3.69,1249.0,41756.8,100.34,251000.0,1.52,635.0,146583.0,99.766,193.6,13097.0,19398.343,416255.0,0.24,120.35
2017-08-31,2.21,1.34,0.99,1.47,0.0369,2.14,0.031,1256.0,244.243,76.878,96.8,251.985,2359.904,1.16,2.0,3.83,1206.0,42258.1,100.09,248000.0,1.43,619.0,146772.0,99.803,193.5,13097.0,19398.343,416403.0,0.3,119.03
2017-09-30,2.2,1.38,1.04,1.29,0.0787,2.0,0.0532,1319.0,245.183,76.6139,95.1,252.535,2359.904,1.15,2.3,3.72,1159.0,43561.1,99.63,272000.0,1.39,572.0,146919.0,100.027,193.8,13097.0,19506.949,416861.0,0.29,117.9
2017-10-31,2.36,1.55,1.13,1.2,0.0273,1.91,0.0304,1273.0,246.435,76.7906,100.7,252.812,2367.862,1.15,2.3,3.49,1181.0,45782.3,99.75,242000.0,1.2,556.0,147007.0,100.4,194.8,13189.0,19506.949,426256.0,0.29,120.02
2017-11-30,2.35,1.7,1.25,1.19,0.0367,1.88,0.017,1356.0,246.626,77.8346,98.5,253.526,2367.862,1.16,2.3,3.68,1257.0,45405.1,100.99,248000.0,1.59,637.0,147150.0,100.531,194.9,13189.0,19506.949,426561.0,0.2,120.25
2017-12-31,2.4,1.84,1.37,1.05,0.0383,1.77,0.0385,1299.0,247.284,78.1204,95.9,253.816,2367.862,1.3,3.2,3.6,1273.0,48133.1,101.25,243000.0,1.45,626.0,147373.0,100.675,195.9,13189.0,19660.766,431085.0,0.29,119.93
2018-01-31,2.58,2.03,1.44,0.87,0.056,1.56,0.0663,1311.0,247.805,78.3837,95.7,254.344,2381.788,1.41,3.2,3.35,1177.0,48104.8,101.49,235000.0,1.48,711.0,147523.0,100.821,196.3,13325.0,19660.766,433299.0,0.32,117.19
2018-02-28,2.86,2.18,1.63,0.97,0.0487,1.68,0.0384,1317.0,248.859,78.4548,99.7,255.204,2381.788,1.42,3.2,3.54,1299.0,44439.4,101.49,221000.0,1.55,630.0,147660.0,101.199,197.9,13325.0,19660.766,431006.0,0.31,117.55
2018-03-31,2.84,2.28,1.7,1.03,0.0206,1.85,0.046,1321.0,249.529,78.7047,101.4,255.711,2381.788,1.51,4.6,3.64,1277.0,45681.3,101.73,226000.0,1.66,590.0,148054.0,101.416,199.3,13325.0,19882.352,433647.0,0.48,118.06
2018-04-30,2.87,2.38,1.84,1.0,0.0304,1.79,0.0316,1385.0,249.577,79.1096,98.8,256.271,2443.487,1.69,4.6,3.47,1318.0,38956.2,102.19,222000.0,1.69,618.0,148280.0,101.524,199.3,13551.0,19882.352,432774.0,0.59,118.15
2018-05-31,2.98,2.51,1.89,1.02,0.0321,1.89,0.0369,1378.0,250.227,80.0436,98.0,256.63,2443.487,1.7,4.6,3.47,1276.0,38273.8,103.36,221000.0,1.59,679.0,148422.0,101.766,200.3,13551.0,19882.352,434998.0,0.47,121.43
2018-06-30,2.91,2.53,1.89,1.08,0.0409,1.99,0.0455,1338.0,250.792,79.3092,98.2,257.145,2443.487,1.82,3.3,3.45,1357.0,38227.8,102.38,223000.0,1.57,642.0,148740.0,101.941,203.2,13551.0,20044.077,440091.0,0.43,123.42
2018-07-31,2.89,2.61,1.99,0.93,0.0427,1.83,0.0427,1345.0,251.018,79.9674,97.9,257.399,2459.308,1.91,3.3,3.59,1192.0,43866.6,103.23,210000.0,1.55,662.0,148959.0,102.029,204.2,13745.0,20044.077,437762.0,0.38,124.06
2018-08-31,2.89,2.64,2.07,1.05,0.0385,1.92,0.0313,1334.0,251.214,80.0561,96.2,257.699,2459.308,1.91,3.3,3.45,1208.0,44524.0,103.36,208000.0,1.36,636.0,149020.0,102.137,204.3,13745.0,20044.077,440024.0,0.29,125.33
2018-09-30,3.0,2.77,2.15,0.94,0.0552,1.84,0.0401,1273.0,251.663,80.5741,100.1,257.891,2459.308,1.95,2.1,3.34,1288.0,47009.8,104.06,205000.0,1.46,628.0,149279.0,102.208,203.4,13745.0,20150.476,439439.0,0.22,126.04
2018-10-31,3.15,2.86,2.29,1.12,0.0696,2.03,0.0705,1314.0,252.182,80.5711,98.6,258.368,2472.656,2.19,2.1,3.52,1250.0,47796.2,104.1,213000.0,1.25,593.0,149358.0,102.418,203.6,13891.0,20150.476,438880.0,0.22,126.88
2018-11-30,3.12,2.86,2.32,1.21,0.0699,2.27,0.1003,1272.0,252.772,80.3884,97.5,258.917,2472.656,2.2,2.1,4.02,1221.0,49938.0,103.93,225000.0,1.31,595.0,149526.0,102.595,204.6,13891.0,20150.476,443924.0,0.32,128.3
2018-12-31,2.83,2.68,2.4,1.3,0.0599,2.45,0.062,1340.0,252.594,80.3962,98.3,259.439,2472.656,2.27,2.5,4.76,1181.0,52081.1,104.01,225000.0,1.0,554.0,149617.0,102.63,202.3,13891.0,20276.154,445847.0,0.42,128.52
2019-01-31,2.71,2.54,2.36,1.16,0.0718,2.38,0.0408,1317.0,252.767,80.358,91.2,260.063,2441.791,2.4,2.5,4.57,1095.0,46344.6,104.05,223000.0,0.99,625.0,149809.0,102.701,201.0,14002.0,20276.154,435613.0,0.4,126.73
2019-02-28,2.68,2.5,2.4,1.13,0.0254,2.22,0.0307,1261.0,252.561,79.7599,93.8,260.766,2441.791,2.4,2.5,4.13,1226.0,45814.9,103.36,222000.0,1.0,546.0,150059.0,102.648,199.1,14002.0,20276.154,438860.0,0.29,126.81
2019-03-31,2.57,2.41,2.35,1.21,0.03,2.26,0.0234,1287.0,253.319,79.2768,98.4,261.186,2441.791,2.41,0.6,4.01,1121.0,41302.5,102.83,212000.0,1.1,595.0,150065.0,102.836,199.2,14002.0,20304.874,439249.0,0.2,127.21
2019-04-30,2.53,2.34,2.38,1.2,0.0214,2.14,0.0436,1305.0,254.277,79.2123,97.2,261.567,2451.936,2.42,0.6,3.78,1191.0,33027.8,102.84,210000.0,1.2,648.0,150295.0,103.069,200.8,14099.0,20304.874,446687.0,0.21,127.36
2019-05-31,2.4,2.21,2.3,1.37,0.0557,2.37,0.0745,1311.0,255.233,78.7037,100.0,261.997,2451.936,2.39,0.6,4.06,1272.0,31078.7,102.27,218000.0,1.4,718.0,150593.0,103.36,202.1,14099.0,20304.874,446833.0,0.18,128.73
2019-06-30,2.07,1.81,2.08,1.25,0.0555,2.31,0.0443,1347.0,255.296,78.7358,98.2,262.217,2451.936,2.38,2.5,4.21,1293.0,34499.5,102.42,225000.0,1.38,702.0,150621.0,103.435,201.7,14099.0,20431.641,449524.0,0.23,128.25
2019-07-31,2.06,1.84,2.04,1.24,0.0194,2.13,0.0551,1315.0,255.213,78.7532,98.4,262.739,2474.928,2.4,2.5,4.0,1243.0,39023.9,102.54,208000.0,1.11,618.0,150839.0,103.484,200.3,14150.0,20431.641,449409.0,0.2,127.85
2019-08-31,1.63,1.57,1.95,1.35,0.031,2.26,0.0307,1352.0,255.802,78.2629,89.8,263.28,2474.928,2.13,2.5,4.29,1240.0,38733.0,102.01,211000.0,1.3,729.0,150936.0,103.622,200.7,14150.0,20431.641,453221.0,0.22,130.37
2019-09-30,1.7,1.65,1.84,1.33,0.0331,2.2,0.0363,1489.0,256.036,78.7796,93.2,263.877,2474.928,2.04,3.4,3.94,1375.0,41237.2,102.78,210000.0,1.32,648.0,151171.0,103.67,199.2,14150.0,20602.275,456082.0,0.23,130.75
2019-10-31,1.71,1.55,1.51,1.3,0.0595,2.18,0.0501,1474.0,256.43,78.4615,95.5,264.388,2462.392,1.83,3.4,4.1,1311.0,40955.6,102.46,212000.0,1.5,712.0,151365.0,103.733,198.4,14351.0,20602.275,452230.0,0.33,130.16
2019-11-30,1.81,1.61,1.56,1.17,0.0352,2.08,0.0235,1525.0,257.155,77.7295,96.8,264.97,2462.392,1.55,3.4,4.05,1325.0,39866.7,101.59,224000.0,1.41,712.0,151460.0,103.917,198.6,14351.0,20602.275,453365.0,0.36,129.92
2019-12-31,1.86,1.61,1.52,1.12,0.051,1.98,0.0544,1527.0,257.879,78.1046,99.3,265.548,2462.392,1.55,4.8,3.72,1353.0,39794.9,102.15,236000.0,1.38,722.0,151668.0,104.024,199.0,14351.0,20843.322,456587.0,0.37,129.36
2020-01-31,1.76,1.52,1.52,1.31,0.0444,2.13,0.0408,1451.0,258.63,77.9031,99.8,266.02,2462.912,1.55,4.8,3.6,1548.0,36172.9,101.94,216000.0,1.48,713.0,151795.0,104.307,199.0,14548.0,20843.322,457253.0,0.3,
2020-02-29,1.5,1.33,1.25,1.57,0.0965,2.38,0.0915,1507.0,259.127,77.4105,101.0,266.716,2462.912,1.58,4.8,3.92,1578.0,33418.1,101.34,210000.0,1.57,700.0,152031.0,104.419,199.3,14548.0,20843.322,456420.0,0.16,
2020-03-31,0.87,0.45,0.11,2.03,0.4654,3.93,0.6645,1442.0,259.25,77.6537,89.1,267.37,2462.912,0.65,2.8,7.85,1537.0,32944.7,101.67,2335000.0,,690.0,152292.0,104.541,196.7,14548.0,20985.448,456401.0,0.82,
2020-04-30,0.66,0.22,0.09,1.74,0.15,3.23,0.2795,1358.0,258.076,74.5527,71.8,267.054,2477.908,0.05,2.8,8.14,1252.0,22576.6,97.61,4663000.0,,707.0,150895.0,104.252,193.1,14701.0,20985.448,429196.0,0.96,
2020-05-31,0.67,0.17,0.14,1.78,0.0688,3.08,0.1156,1066.0,256.032,64.6982,72.3,265.746,2477.908,0.05,2.8,7.29,931.0,19638.1,84.68,2173000.0,,621.0,130424.0,103.817,185.5,14701.0,20985.448,376918.0,0.28,
2020-06-30,0.73,0.19,0.16,1.68,0.0551,2.93,0.0765,1260.0,255.802,65.7487,78.1,265.412,2477.908,0.08,-5.5,6.07,1053.0,30730.1,86.01,1490000.0,,579.0,133040.0,103.914,188.6,14701.0,20693.238,443726.0,0.15,
2020-07-31,0.62,0.15,0.09,1.48,0.0813,2.6,0.0998,1338.0,257.042,70.134,72.5,265.849,2371.835,0.09,-5.5,5.7,1254.0,36318.7,91.67,1384000.0,,709.0,137671.0,104.233,191.2,14496.0,20693.238,473811.0,0.14,
2020-08-31,0.65,0.14,0.11,1.7,0.0881,2.67,0.0444,1546.0,258.352,72.7591,74.1,267.389,2371.835,0.1,-5.5,5.12,1523.0,37286.9,95.0,922000.0,,896.0,139255.0,104.564,193.0,14496.0,20693.238,480116.0,0.15,
2020-09-30,0.68,0.13,0.1,1.63,0.0314,2.75,0.0352,1529.0,259.316,73.5674,80.4,268.422,2371.835,0.09,-28.1,5.26,1401.0,40469.8,95.93,852000.0,,983.0,140819.0,104.887,194.3,14496.0,19056.617,482243.0,0.13,
2020-10-31,0.79,0.15,0.09,1.51,0.0469,2.61,0.0505,1624.0,259.997,73.6543,81.8,268.933,1870.98,0.09,-28.1,5.05,1463.0,40598.9,95.89,795000.0,,1022.0,141770.0,105.046,195.5,13176.0,19056.617,491386.0,0.12,
2020-11-30,0.87,0.17,0.08,1.36,0.0497,2.29,0.0981,1613.0,260.319,74.2728,76.9,269.306,1870.98,0.09,-28.1,4.53,1543.0,41003.2,96.53,751000.0,,979.0,142461.0,105.106,196.5,13176.0,19056.617,489705.0,0.13,
2020-12-31,0.93,0.14,0.09,1.3,0.0295,2.18,0.0199,1714.0,260.911,74.7456,80.7,269.981,1870.98,0.09,35.2,4.04,1553.0,44654.3,96.95,837000.0,,1031.0,142731.0,105.225,198.3,13176.0,20548.793,487287.0,0.15,
2021-01-31,1.08,0.13,0.06,1.4,0.0371,2.17,0.0437,1744.0,262.045,75.8651,79.0,270.341,2104.963,0.09,35.2,3.78,1635.0,44700.4,98.2,828000.0,,877.0,142548.0,105.69,200.5,14478.0,20548.793,495533.0,0.14,
2021-02-28,1.26,0.12,0.04,1.42,0.0384,2.12,0.0289,1883.0,262.639,76.5008,76.8,270.416,2104.963,0.08,35.2,3.53,1639.0,41626.2,98.81,755000.0,,878.0,142913.0,106.083,204.8,14478.0,20548.793,511693.0,0.15,
2021-03-31,1.61,0.15,0.03,1.3,0.061,2.03,0.0496,1715.0,263.573,74.0987,84.9,270.776,2104.963,0.07,4.4,3.55,1407.0,38835.3,95.51,669000.0,,896.0,143422.0,106.471,210.6,14478.0,20771.691,498200.0,0.16,
2021-04-30,1.64,0.16,0.01,1.29,0.0279,1.96,0.0189,1732.0,264.847,76.3455,88.3,271.453,2233.569,0.07,4.4,3.27,1668.0,33816.8,98.19,589000.0,,774.0,144246.0,107.032,215.0,14753.0,20771.691,550963.0,0.16,
2021-05-31,1.62,0.16,0.01,1.32,0.0333,1.99,0.0251,1738.0,266.625,76.6187,82.9,273.626,2233.569,0.06,4.4,3.33,1492.0,39934.0,98.33,469000.0,,861.0,144611.0,107.632,217.9,14753.0,20771.691,554420.0,0.14,
2021-06-30,1.52,0.2,0.05,1.18,0.0657,1.87,0.0509,1681.0,268.404,77.4469,85.5,275.457,2233.569,0.08,5.6,3.17,1607.0,37371.1,99.19,410000.0,,837.0,145032.0,108.184,224.9,14753.0,21058.379,545289.0,0.1,
2021-07-31,1.32,0.22,0.06,1.27,0.0326,1.95,0.0317,1657.0,270.71,77.9619,81.2,277.608,2235.418,0.1,5.6,3.17,1638.0,38486.5,99.65,370000.0,,726.0,145828.0,108.748,228.9,15259.0,21058.379,548693.0,0.08,
2021-08-31,1.28,0.22,0.04,1.24,0.0269,1.94,0.0219,1652.0,271.965,78.4327,70.3,278.639,2235.418,0.09,5.6,3.32,1600.0,39779.3,100.07,360000.0,,689.0,146759.0,109.275,231.85,15259.0,21058.379,537817.0,0.07,
2021-09-30,1.37,0.24,0.04,1.18,0.0425,1.85,0.044,1770.0,272.752,78.5435,72.8,279.021,2235.418,0.08,6.4,3.12,1595.0,40290.9,100.04,356000.0,,727.0,147246.0,109.72,233.42,15259.0,21389.005,542140.0,0.08,
2021-10-31,1.58,0.39,0.05,1.04,0.051,1.69,0.0614,1625.0,273.942,77.8344,71.7,279.727,2253.207,0.08,6.4,3.15,1563.0,42897.8,99.0,285000.0,,691.0,147712.0,110.047,235.68,16016.0,21389.005,545726.0,0.07,
2021-11-30,1.56,0.51,0.05,1.14,0.0445,1.81,0.0449,1719.0,276.528,78.9984,67.4,281.649,2253.207,0.08,6.4,3.22,1587.0,47350.9,100.35,236000.0,,731.0,148569.0,110.741,240.46,16016.0,21389.005,555517.0,0.11,
2021-12-31,1.47,0.68,0.06,1.19,0.0478,1.85,0.0356,1766.0,278.824,79.7955,70.6,283.411,2253.207,0.08,3.5,3.27,1704.0,47873.5,101.27,216000.0,,683.0,149206.0,111.51,243.29,16016.0,21571.421,562175.0,0.14,
2022-01-31,1.76,0.98,0.24,1.27,0.06,1.93,0.0541,1913.0,280.806,79.7947,67.2,285.221,2258.262,0.08,3.5,3.22,1757.0,48234.8,101.19,238000.0,,787.0,149781.0,112.221,241.34,16364.0,21571.421,558148.0,0.11,
2022-02-28,1.93,1.44,0.37,1.43,0.0646,2.34,0.1306,1915.0,282.542,79.8471,62.8,286.799,2258.262,0.08,3.5,3.65,1712.0,49375.3,101.21,220000.0,,834.0,150006.0,112.776,246.45,16364.0,21571.421,571325.0,,
2022-03-31,2.13,1.91,0.51,1.06,0.1918,1.93,0.1658,1860.0,284.525,80.357,59.4,288.256,2258.262,0.2,7.4,3.79,1742.0,47674.2,101.85,215000.0,,798.0,150875.0,113.489,252.66,16364.0,21960.388,574609.0,,
2022-04-30,2.75,2.54,0.83,1.12,0.0928,2.05,0.1038,1879.0,287.467,80.9989,65.2,289.044,2390.257,0.33,7.4,3.65,1678.0,42245.8,102.67,213000.0,,781.0,151346.0,114.489,260.01,16816.0,21960.388,585912.0,,
2022-05-31,2.9,2.62,1.13,1.15,0.0598,2.18,0.1005,1835.0,288.582,81.1458,58.4,290.474,2390.257,0.77,7.4,4.49,1828.0,47280.6,102.9,210000.0,,713.0,151651.0,114.845,265.31,16816.0,21960.388,592141.0,,
2022-06-30,3.14,3.0,1.66,1.21,0.0418,2.31,0.0835,1712.0,291.299,81.1363,50.0,292.039,2390.257,1.21,-1.0,4.87,1540.0,41732.4,102.97,214000.0,,636.0,151892.0,115.542,273.25,16816.0,21903.85,589282.0,,
2022-07-31,2.9,3.04,2.34,1.18,0.0779,2.36,0.0589,1745.0,295.072,80.9375,51.5,294.009,2362.172,1.68,-1.0,5.3,1542.0,43779.0,102.82,218000.0,,648.0,152353.0,116.631,280.25,17175.0,21903.85,593360.0,,
2022-08-31,2.9,3.25,2.87,1.12,0.0334,2.18,0.0484,1719.0,294.94,81.0054,58.2,295.08,2362.172,2.33,-1.0,4.53,1392.0,48487.1,103.05,216000.0,,543.0,153049.0,116.662,272.27,17175.0,21903.85,589039.0,,
2022-09-30,3.52,3.86,3.22,1.08,0.0915,2.24,0.0732,1542.0,295.162,80.9637,58.6,296.582,2362.172,2.56,0.3,4.99,1520.0,46571.6,103.17,198000.0,,519.0,153286.0,117.002,269.55,17175.0,21919.222,590987.0,,
2022-10-31,3.98,4.38,4.06,1.08,0.0523,2.28,0.0561,1613.0,296.421,81.0936,59.9,298.281,2433.713,3.08,0.3,5.0,1470.0,50386.8,103.53,202000.0,,644.0,153513.0,117.377,267.9,17604.0,21919.222,588894.0,,
2022-11-30,3.89,4.5,4.27,0.98,0.099,2.15,0.0953,1560.0,297.979,80.8551,56.7,299.381,2433.713,3.78,0.3,4.68,1440.0,49274.0,103.44,211000.0,,556.0,153913.0,117.891,265.06,17604.0,21919.222,595839.0,,
2022-12-31,3.62,4.29,4.3,0.82,0.0491,1.99,0.0489,1402.0,298.708,80.4107,59.8,300.316,2433.713,4.1,2.7,4.58,1420.0,44671.2,103.11,208000.0,,577.0,154210.0,118.221,263.16,17604.0,22066.784,588309.0,,
2023-01-31,3.53,4.21,4.58,0.89,0.0291,1.9,0.0584,1400.0,298.808,79.2286,64.9,301.433,2517.458,4.33,2.7,4.34,1340.0,36921.6,101.83,204000.0,,596.0,154336.0,118.403,257.9,17876.0,22066.784,581749.0,,
2023-02-28,3.75,4.53,4.72,0.84,0.0351,1.9,0.0368,1443.0,300.456,79.7542,66.9,302.685,2517.458,4.57,2.7,4.2,1361.0,37235.0,102.75,215000.0,,632.0,154780.0,119.007,260.23,17876.0,22066.784,603496.0,,
2023-03-31,3.66,4.3,4.68,0.9,0.1415,2.11,0.1739,1620.0,301.476,79.6087,62.0,304.097,2517.458,4.65,3.4,4.69,1404.0,38180.5,102.8,229000.0,,639.0,155086.0,119.401,258.67,17876.0,22249.459,598274.0,,
2023-04-30,3.46,4.02,4.95,1.01,0.0462,2.08,0.0367,1493.0,301.643,79.4362,63.7,305.123,2510.25,4.83,3.4,4.57,1342.0,30579.2,102.81,217000.0,,625.0,155171.0,119.553,257.06,18108.0,22249.459,590606.0,,
2023-05-31,3.57,4.13,5.26,1.03,0.064,2.16,0.0573,1470.0,302.858,79.5726,59.0,306.49,2510.25,5.06,3.4,4.69,1368.0,30773.9,103.22,226000.0,,644.0,155387.0,119.97,256.91,18108.0,22249.459,594962.0,,
2023-06-30,3.75,4.64,5.17,0.79,0.0688,1.88,0.075,1532.0,303.316,79.2151,64.2,307.623,2510.25,5.08,2.8,4.29,1583.0,33021.8,102.98,252000.0,,687.0,155614.0,120.14,253.67,18108.0,22403.435,596688.0,,
2023-07-31,3.9,4.83,5.28,0.69,0.0419,1.77,0.0389,1493.0,304.099,78.5968,71.5,308.291,2522.456,5.12,2.8,3.94,1415.0,35875.0,102.38,235000.0,,741.0,155871.0,120.435,253.86,18506.0,22403.435,598006.0,,
2023-08-31,4.17,4.9,5.32,0.76,0.047,1.83,0.0443,1501.0,304.615,78.986,69.4,308.959,2522.456,5.33,2.8,3.9,1473.0,34296.5,103.07,245000.0,,666.0,156019.0,120.598,253.84,18506.0,22403.435,599270.0,,
2023-09-30,4.38,5.02,5.32,0.77,0.0197,1.78,0.0396,1578.0,306.138,78.8773,67.8,309.646,2522.456,5.33,2.4,3.89,1305.0,36086.3,103.1,219000.0,,700.0,156176.0,120.965,257.68,18506.0,22539.418,604187.0,,
2023-10-31,4.8,5.07,5.33,0.84,0.0329,1.85,0.0261,1515.0,307.374,78.9282,63.8,310.616,2491.635,5.33,2.4,4.36,1363.0,36705.3,103.31,210000.0,,652.0,156334.0,121.387,258.93,18686.0,22539.418,609130.0,,
2023-11-30,4.5,4.88,5.25,0.64,0.062,1.67,0.0601,1534.0,307.653,78.2711,61.3,311.433,2491.635,5.33,2.4,3.99,1365.0,40239.2,102.58,218000.0,,694.0,156520.0,121.421,255.19,18686.0,22539.418,606170.0,,
2023-12-31,4.02,4.46,5.2,0.77,0.0458,1.61,0.0353,1508.0,308.087,78.4172,69.7,312.373,2491.635,5.33,4.4,3.57,1510.0,41556.9,102.89,207000.0,,673.0,156661.0,121.415,252.86,18686.0,22780.933,602896.0,,
2024-01-31,4.06,4.32,5.22,0.87,0.0305,1.61,0.0253,1530.0,308.735,78.1414,79.0,313.23,2521.467,5.33,4.4,3.55,1568.0,35478.1,102.63,210000.0,,611.0,156930.0,121.602,249.87,18929.0,22780.933,605203.0,,
2024-02-29,4.21,4.54,5.25,0.8,0.0356,1.55,0.0357,1508.0,309.794,77.1945,76.9,314.389,2521.467,5.33,4.4,3.36,1376.0,34092.1,101.48,211000.0,,654.0,157049.0,122.115,251.31,18929.0,22780.933,600936.0,,
2024-03-31,4.21,4.59,5.23,0.77,0.0393,1.5,0.0336,1563.0,311.022,78.0707,79.4,315.555,2521.467,5.33,3.2,3.18,1546.0,35793.6,102.73,215000.0,,664.0,157271.0,122.494,254.93,18929.0,22960.6,605643.0,,
2024-04-30,4.54,4.87,5.25,0.72,0.0217,1.44,0.0273,1485.0,312.107,77.8455,77.2,316.762,2559.591,5.33,3.2,3.23,1299.0,31894.8,102.52,210000.0,,643.0,157517.0,122.912,255.1,19170.0,22960.6,608662.0,,
2024-05-31,4.48,4.86,5.25,0.79,0.0205,1.46,0.0147,1440.0,313.016,77.6572,69.1,317.596,2559.591,5.33,3.2,3.12,1377.0,29940.6,102.36,222000.0,,683.0,157635.0,123.234,256.98,19170.0,22960.6,608458.0,,
2024-06-30,4.31,4.74,5.22,0.83,0.0288,1.55,0.0324,1399.0,313.14,78.0627,68.2,318.053,2559.591,5.33,1.6,3.2,1315.0,31630.4,102.98,236000.0,,736.0,157828.0,123.224,255.31,19170.0,23053.545,610010.0,,
2024-07-31,4.25,4.5,5.15,0.95,0.0425,1.68,0.0431,1454.0,313.131,78.1993,66.4,318.343,2571.763,5.33,1.6,3.16,1329.0,35037.0,103.25,236000.0,,672.0,157915.0,123.369,255.91,19425.0,23053.545,607986.0,,
2024-08-31,3.87,3.97,4.98,0.96,0.0583,1.69,0.0511,1406.0,313.566,77.5681,67.9,318.933,2571.763,5.33,1.6,3.37,1262.0,34114.0,102.52,231000.0,,672.0,158003.0,123.575,257.32,19425.0,23053.545,615960.0,,
2024-09-30,3.72,3.62,4.52,0.91,0.0346,1.63,0.0389,1470.0,314.131,77.8658,70.1,319.839,2571.763,5.13,3.0,3.26,1379.0,40836.6,103.02,225000.0,,707.0,158074.0,123.727,255.46,19425.0,23223.906,614535.0,,
2024-10-31,4.1,3.97,4.44,0.81,0.0366,1.46,0.0497,1425.0,314.851,77.4591,70.5,320.835,2578.386,4.83,3.0,2.93,1355.0,39851.2,102.6,236000.0,,691.0,158314.0,123.939,252.68,19683.0,23223.906,620104.0,,
2024-11-30,4.36,4.26,4.39,0.83,0.033,1.44,0.0259,1419.0,315.564,77.0806,71.8,321.688,,4.64,3.0,2.7,1344.0,43074.2,102.21,219000.0,,726.0,158358.0,124.265,253.08,,23223.906,623269.0,,
2024-12-31,4.39,4.23,4.23,0.82,0.0234,1.42,0.0169,1493.0,316.449,76.7963,74.0,322.619,,4.48,3.1,2.76,1305.0,41464.1,101.96,222000.0,,623.0,158619.0,124.399,253.21,,23400.294,627443.0,,
2025-01-31,4.63,4.27,4.2,0.85,0.0177,1.45,0.0145,1482.0,317.603,77.5686,71.7,323.296,,4.33,3.1,2.72,1526.0,37772.0,103.12,214000.0,,676.0,158942.0,124.769,253.43,,23400.294,633359.0,,
2025-02-28,4.45,4.21,4.2,0.97,0.038,1.57,0.0335,1473.0,319.086,77.6389,64.7,324.739,,4.33,3.1,2.71,1361.0,37539.1,103.34,226000.0,,720.0,159053.0,125.189,257.39,,23400.294,625480.0,,
2025-03-31,4.28,3.97,4.21,1.08,0.0311,1.76,0.0447,1459.0,319.775,78.1982,,325.475,,4.33,2.4,3.17,1494.0,,104.22,223000.0,,654.0,159170.0,,259.8,,23542.349,627898.0,,
2025-04-30,,,4.22,1.16,0.0734,1.93,0.0866,,,,,,,,,4.14,,,,220000.0,,,,,,,,,,
