Date,XLF,IYR,XLK,XLY,IYZ,XLU,XLE,XLV,XLP,XLB,XLI
2000-06-01,11.73586654663086,13.253799438476562,40.55304718017578,19.134504318237305,31.85352897644043,11.339872360229492,15.74759578704834,20.30098533630371,13.881194114685059,11.174365043640137,17.998289108276367
2000-07-01,12.814600944519043,13.973865509033203,38.40143585205078,19.475419998168945,29.294023513793945,11.602684020996094,15.220797538757324,20.000551223754883,13.404967308044434,11.325142860412598,18.314498901367188
2000-08-01,14.116202354431152,13.882901191711426,42.30707550048828,18.667844772338867,28.619304656982422,12.054728507995605,16.883020401000977,20.70873260498047,13.241280555725098,11.584155082702637,20.12801742553711
2000-09-01,14.379622459411621,14.31397819519043,34.7062873840332,18.644445419311523,27.09735107421875,13.53536605834961,17.086727142333984,19.95763397216797,13.775409698486328,10.387332916259766,19.490297317504883
2000-10-01,14.298751831054688,13.331364631652832,32.71841049194336,18.4560546875,27.362031936645508,14.44038200378418,16.69414520263672,20.258073806762695,14.787717819213867,11.364907264709473,19.983081817626953
2000-11-01,13.568269729614258,13.782644271850586,26.00633430480957,17.99846649169922,22.318449020385742,14.433771133422852,15.818528175354004,18.41252326965332,15.297938346862793,11.07741928100586,19.30365753173828
2000-12-01,14.671761512756348,14.53878116607666,23.433773040771484,19.218692779541016,20.593992233276367,14.0308198928833,17.381555557250977,18.712955474853516,15.80815601348877,12.317229270935059,19.983081817626953
2001-01-01,14.691082000732422,14.802894592285156,27.914714813232422,21.5073299407959,24.53055763244629,13.435689926147461,16.87800407409668,20.069416046142578,14.698457717895508,12.3007173538208,20.143320083618164
2001-02-01,13.702693939208984,14.599183082580566,20.962234497070312,19.97163200378418,21.541654586791992,13.714527130126953,16.67313575744629,19.684785842895508,14.787272453308105,12.460010528564453,18.936138153076172
2001-03-01,13.248433113098145,14.53904914855957,18.559921264648438,19.640398025512695,19.829097747802734,13.422826766967773,16.12682342529297,18.421001434326172,13.721519470214844,11.781547546386719,17.07398223876953
2001-04-01,13.77306842803955,15.051806449890137,21.56093978881836,20.59311866760254,20.74810791015625,14.170269966125488,17.845993041992188,19.7845458984375,14.028888702392578,13.098432540893555,19.080236434936523
2001-05-01,14.3790922164917,15.39618968963623,20.67784309387207,21.083444595336914,20.462339401245117,14.26963996887207,17.67738914489746,20.54020118713379,14.234867095947266,13.602232933044434,19.878742218017578
2001-06-01,14.22382926940918,16.0188045501709,21.081974029541016,20.87223243713379,19.804523468017578,13.457432746887207,15.991318702697754,20.299758911132812,13.533422470092773,13.074734687805176,18.610149383544922
2001-07-01,14.14045524597168,15.89771842956543,19.622617721557617,21.84724998474121,20.299074172973633,13.431830406188965,15.881146430969238,19.90270233154297,13.989737510681152,13.097058296203613,18.611743927001953
2001-08-01,13.205472946166992,16.328022003173828,17.22779083251953,19.934673309326172,18.22971534729004,12.953203201293945,15.208847045898438,18.892438888549805,14.05675220489502,13.043478012084961,17.972858428955078
2001-09-01,12.406201362609863,15.573511123657227,14.406387329101562,17.364408493041992,18.218915939331055,12.73129940032959,13.668375015258789,16.150327682495117,13.995314598083496,11.430154800415039,15.275321960449219
2001-10-01,12.284676551818848,14.622517585754395,15.977988243103027,18.33406639099121,16.198190689086914,12.154169082641602,14.298896789550781,16.239473342895508,13.950160026550293,11.809961318969727,15.611682891845703
2001-11-01,13.082452774047852,15.624738693237305,18.365337371826172,20.77558135986328,16.61626434326172,12.000703811645508,13.500370979309082,18.123306274414062,14.566435813903809,13.307171821594238,17.173492431640625
2001-12-01,13.27937126159668,15.723254203796387,17.961212158203125,21.68545913696289,17.059940338134766,12.290091514587402,14.213713645935059,18.528947830200195,14.23029613494873,12.8280611038208,17.95116424560547
2002-01-01,13.185133934020996,15.980158805847168,17.766626358032227,22.433374404907227,15.473821640014648,11.939018249511719,13.76447582244873,18.42403221130371,14.1849365234375,13.20995807647705,16.817058563232422
2002-02-01,12.95693302154541,16.296194076538086,15.45412826538086,22.55487823486328,14.308539390563965,11.91692066192627,14.23486614227295,19.271198272705078,14.482914924621582,13.909022331237793,17.238304138183594
2002-03-01,13.768330574035645,17.04230308532715,16.217470169067383,22.813074111938477,14.200142860412598,12.451571464538574,15.442934036254883,20.380067825317383,14.67406940460205,14.288688659667969,17.653053283691406
2002-04-01,13.463089942932129,17.333843231201172,14.256712913513184,22.203094482421875,12.174798965454102,11.790658950805664,14.937195777893066,20.265148162841797,14.169539451599121,13.659510612487793,16.482751846313477
2002-05-01,13.422388076782227,17.668550491333008,13.665489196777344,22.08902931213379,12.218291282653809,11.692666053771973,14.674393653869629,20.54766845703125,14.011662483215332,14.33674144744873,16.554248809814453
2002-06-01,12.791454315185547,17.688833236694336,11.839428901672363,20.887638092041016,10.168313980102539,10.801795959472656,14.052234649658203,19.073081970214844,12.545654296875,14.022307395935059,15.501321792602539
2002-07-01,11.78014087677002,17.104045867919922,10.716854095458984,18.42702293395996,8.92577075958252,9.300651550292969,12.17825984954834,18.52649688720703,12.046595573425293,12.494314193725586,14.65939998626709
2002-08-01,11.99989128112793,17.165813446044922,10.627046585083008,18.98311424255371,9.171435356140137,9.669442176818848,12.361717224121094,18.705699920654297,12.14273738861084,12.427462577819824,14.43136978149414
2002-09-01,10.563794136047363,16.08715057373047,8.853377342224121,17.26915168762207,7.664699077606201,8.396675109863281,11.417455673217773,17.492652893066406,11.192587852478027,10.750208854675293,12.717849731445312
2002-10-01,11.591806411743164,15.658945083618164,11.046141624450684,18.457706451416016,10.145041465759277,8.303248405456543,11.691227912902832,18.570247650146484,11.703323364257812,11.431917190551758,13.393847465515137
2002-11-01,12.02341079711914,16.416934967041016,12.79736042022705,19.311960220336914,11.358278274536133,8.54451847076416,12.174060821533203,19.144081115722656,11.378861427307129,12.807419776916504,14.093618392944336
2002-12-01,11.30406665802002,16.141313552856445,11.076080322265625,17.626352310180664,10.46345043182373,8.717500686645508,12.114383697509766,18.355924606323242,11.350397109985352,12.128839492797852,13.465784072875977
2003-01-01,11.227153778076172,15.903657913208008,10.843335151672363,17.0780086517334,9.999263763427734,8.614075660705566,11.87150764465332,18.362159729003906,11.021833419799805,11.610997200012207,12.81008243560791
2003-02-01,10.880827903747559,16.21126365661621,10.895865440368652,17.001558303833008,9.333008766174316,8.153430938720703,12.220512390136719,17.95272445678711,10.68419361114502,11.303009033203125,12.612801551818848
2003-03-01,10.730928421020508,16.373605728149414,10.730781555175781,17.37613868713379,9.283452033996582,8.47587776184082,12.171431541442871,18.542583465576172,10.626974105834961,11.321488380432129,12.698290824890137
2003-04-01,12.13436508178711,17.121015548706055,11.7138032913208,19.437639236450195,10.215934753417969,9.306717872619629,12.13127613067627,19.20502281188965,11.001949310302734,12.399946212768555,14.12646770477295
2003-05-01,12.752241134643555,18.186086654663086,12.719343185424805,20.471147537231445,11.045601844787598,10.247172355651855,13.419506072998047,19.60165023803711,11.542838096618652,12.783574104309082,14.509333610534668
2003-06-01,12.747055053710938,18.24000358581543,12.809392929077148,20.739093780517578,11.443839073181152,10.298380851745605,13.183784484863281,20.4088191986084,11.600377082824707,12.826889991760254,14.779980659484863
2003-07-01,13.364411354064941,19.5208740234375,13.207108497619629,21.15123748779297,10.972596168518066,9.691303253173828,12.77898120880127,20.160310745239258,11.635644912719727,13.913158416748047,15.30193042755127
2003-08-01,13.20792293548584,19.68491554260254,13.837447166442871,22.232166290283203,11.011526107788086,9.883814811706543,13.594189643859863,19.41363525390625,11.832167625427246,14.298944473266602,15.89733600616455
2003-09-01,13.25486946105957,19.99332046508789,13.71738338470459,21.1435604095459,10.605548858642578,10.282920837402344,13.247178077697754,19.406660079956055,11.745467185974121,13.583380699157715,15.407780647277832
2003-10-01,14.247974395751953,20.617835998535156,14.722922325134277,23.097949981689453,11.265423774719238,10.446322441101074,13.44121265411377,19.597145080566406,12.319236755371094,14.955930709838867,16.418519973754883
2003-11-01,14.19553279876709,21.513484954833984,14.933032989501953,23.30522346496582,11.07524299621582,10.470015525817871,13.546396255493164,20.01706886291504,12.4642333984375,15.29369831085205,16.743844985961914
2003-12-01,14.751391410827637,22.007877349853516,15.293234825134277,24.172636032104492,11.774435043334961,11.05273151397705,15.251457214355469,21.1019229888916,12.632440567016602,16.694843292236328,17.76626205444336
2004-01-01,15.32470703125,23.25910186767578,16.058740615844727,24.100086212158203,12.268754959106445,11.385537147521973,15.66471004486084,21.75835418701172,12.68596076965332,16.050508499145508,18.0336856842041
2004-02-01,15.762555122375488,23.6778621673584,15.650656700134277,24.62350082397461,12.654461860656738,11.600724220275879,16.48770523071289,21.99013900756836,13.40820598602295,16.887331008911133,17.900253295898438
2004-03-01,15.509339332580566,24.641456604003906,15.235010147094727,24.438756942749023,12.268754959106445,11.629409790039062,16.31532859802246,21.020912170410156,13.326666831970215,16.440597534179688,17.62004280090332
2004-04-01,14.90119743347168,21.22846794128418,14.653120040893555,24.194061279296875,12.24853801727295,11.223023414611816,16.66385269165039,21.728160858154297,13.550349235534668,15.733970642089844,17.674596786499023
2004-05-01,15.155566215515137,22.674116134643555,15.227461814880371,24.348207473754883,11.935493469238281,11.358010292053223,16.613601684570312,21.657764434814453,13.47435474395752,16.175933837890625,18.109764099121094
2004-06-01,15.14495849609375,23.036659240722656,15.643092155456543,24.379051208496094,12.157470703125,11.454432487487793,17.579694747924805,21.516944885253906,13.497739791870117,16.908340454101562,19.187654495239258
2004-07-01,14.897686004638672,23.395198822021484,14.690910339355469,23.485013961791992,12.648676872253418,11.729784965515137,18.193559646606445,20.418956756591797,12.879377365112305,16.60062026977539,18.690874099731445
2004-08-01,15.382378578186035,25.32363510131836,14.041000366210938,23.4387149810791,12.723038673400879,12.206368446350098,17.913223266601562,20.750804901123047,13.10820484161377,16.879724502563477,18.704288482666016
2004-09-01,15.158675193786621,24.933320999145508,14.449080467224121,24.07929229736328,12.940434455871582,12.182052612304688,19.584003448486328,20.327171325683594,12.709223747253418,17.476003646850586,19.03974151611328
2004-10-01,15.321126937866211,26.517183303833008,15.08387279510498,25.088478088378906,13.23775863647461,12.882104873657227,19.780302047729492,19.934736251831055,12.845470428466797,17.392406463623047,19.3016300201416
2004-11-01,15.79774284362793,27.6431941986084,15.854693412780762,26.139629364013672,13.774432182312012,13.455840110778809,21.114370346069336,20.3242244720459,13.163651466369629,18.807254791259766,20.513452529907227
2004-12-01,16.34932518005371,28.780885696411133,15.952939987182617,27.275800704956055,14.02255916595459,13.656898498535156,20.44451332092285,21.37939453125,13.59969711303711,18.947460174560547,20.917383193969727
2005-01-01,16.095251083374023,26.60409164428711,15.352395057678223,26.189998626708984,13.355029106140137,14.079334259033203,21.213674545288086,20.77727699279785,13.815614700317383,18.475370407104492,20.43414306640625
2005-02-01,15.987496376037598,27.49169158935547,15.375523567199707,26.050447463989258,13.587489128112793,14.381319999694824,24.7728328704834,21.402368545532227,13.797860145568848,19.93058204650879,20.670957565307617
2005-03-01,15.297761917114258,26.486055374145508,15.074954986572266,25.709325790405273,13.308533668518066,14.430827140808105,24.21918296813965,21.2105770111084,13.620361328125,19.33439064025879,20.58976173400879
2005-04-01,15.406289100646973,28.30040740966797,14.543161392211914,24.107786178588867,13.419229507446289,14.989290237426758,22.984783172607422,22.02420425415039,13.53436279296875,18.01784324645996,19.9082088470459
2005-05-01,15.861327171325684,29.360700607299805,15.552779197692871,25.59851837158203,13.536118507385254,14.979314804077148,23.62531089782715,22.30218505859375,13.849241256713867,17.902057647705078,20.539684295654297
2005-06-01,15.964247703552246,30.3756103515625,15.352395057678223,25.450990676879883,13.676387786865234,15.74249267578125,25.195405960083008,22.11686134338379,13.51654052734375,17.45819091796875,19.948951721191406
2005-07-01,16.309709548950195,32.704864501953125,16.223297119140625,26.93441390991211,14.206353187561035,16.228145599365234,27.06525230407715,22.684707641601562,14.017485618591309,18.51333236694336,20.760997772216797
2005-08-01,16.042686462402344,31.30116081237793,16.069150924682617,26.047998428344727,14.041779518127441,16.333751678466797,28.79376983642578,22.606061935424805,13.772727966308594,17.73763656616211,20.27090835571289
2005-09-01,16.086280822753906,31.002090454101562,16.107694625854492,25.262678146362305,13.90659236907959,16.896984100341797,30.51662826538086,22.41303062438965,13.898087501525879,17.776412963867188,20.529573440551758
2005-10-01,16.67327117919922,30.36857032775879,15.737757682800293,24.7935791015625,13.664999008178711,15.93503189086914,27.83829116821289,21.792388916015625,13.901534080505371,17.913183212280273,20.316736221313477
2005-11-01,17.46803092956543,31.806550979614258,16.731964111328125,25.782825469970703,14.10219669342041,15.90969181060791,28.254539489746094,22.057706832885742,14.027534484863281,19.28461265563965,21.498966217041016
2005-12-01,17.358402252197266,31.27036476135254,16.107694625854492,25.432313919067383,13.505488395690918,15.904621124267578,28.687936782836914,22.746116638183594,13.973530769348145,19.681100845336914,21.47163963317871
2006-01-01,17.626049041748047,33.99766159057617,16.761234283447266,26.016252517700195,14.293885231018066,16.43489646911621,32.96512222290039,23.11589813232422,14.06805419921875,20.792818069458008,21.662525177001953
2006-02-01,18.00118637084961,34.600250244140625,16.800046920776367,26.20416259765625,14.998048782348633,16.649595260620117,29.923587799072266,23.382081985473633,14.188652992248535,20.34733772277832,22.336259841918945
2006-03-01,17.957046508789062,36.30434036254883,17.180273056030273,26.352922439575195,15.575819969177246,15.760124206542969,31.1013240814209,23.00797462463379,14.230860710144043,21.192419052124023,23.236854553222656
2006-04-01,18.835391998291016,35.335636138916016,16.955232620239258,26.6950740814209,15.45932388305664,16.130834579467773,32.764610290527344,22.368797302246094,14.445072174072266,22.053361892700195,23.82791519165039
2006-05-01,18.12546157836914,34.16774368286133,15.853333473205566,26.248727798461914,15.011760711669922,16.393495559692383,31.85289764404297,21.899627685546875,14.475382804870605,21.164640426635742,23.420778274536133
2006-06-01,17.9368896484375,35.41019821166992,15.775739669799805,26.146928787231445,15.513751983642578,16.630414962768555,32.540985107421875,21.82744598388672,14.663291931152344,21.1317195892334,23.331066131591797
2006-07-01,18.454458236694336,37.04265594482422,15.364471435546875,25.331708908081055,15.91460132598877,17.574621200561523,33.75490188598633,23.102615356445312,14.973374366760254,20.478591918945312,22.0623836517334
2006-08-01,18.672021865844727,38.14616012573242,16.443090438842773,25.83395004272461,16.291357040405273,18.057615280151367,32.03981399536133,23.761865615844727,15.552322387695312,21.09493637084961,22.311433792114258
2006-09-01,19.313587188720703,38.69791793823242,17.071632385253906,27.427003860473633,16.820030212402344,17.652523040771484,30.76213836669922,24.04439353942871,15.467001914978027,20.96902084350586,23.065534591674805
2006-10-01,19.87807846069336,41.585540771484375,17.782814025878906,29.256704330444336,17.560726165771484,18.737327575683594,32.184234619140625,24.20647621154785,15.820098876953125,22.35860824584961,23.816362380981445
2006-11-01,20.018356323242188,43.50914001464844,18.288227081298828,29.626237869262695,17.45059585571289,19.23468589782715,34.94468688964844,24.177396774291992,15.68535041809082,23.33186912536621,24.399948120117188
2006-12-01,20.613067626953125,42.192989349365234,18.086061477661133,30.1608943939209,18.14200782775879,19.224224090576172,33.85896301269531,24.344589233398438,15.997711181640625,23.225215911865234,24.323518753051758
2007-01-01,20.963951110839844,46.876956939697266,18.557266235351562,31.136676788330078,18.91615104675293,19.330249786376953,33.64738845825195,25.174182891845703,16.405126571655273,24.429479598999023,25.031429290771484
2007-02-01,20.325082778930664,45.19987487792969,18.056774139404297,30.20555877685547,18.82387924194336,20.355134963989258,32.958106994628906,24.590606689453125,16.15274429321289,25.08318328857422,24.751291275024414
2007-03-01,20.1441593170166,43.7176628112793,18.23663330078125,30.008296966552734,19.143760681152344,20.97323226928711,34.91588592529297,24.54683494567871,16.405126571655273,25.642536163330078,24.898361206054688
2007-04-01,21.012466430664062,44.18677520751953,19.096864700317383,30.77423095703125,19.643823623657227,22.122175216674805,36.826107025146484,26.439823150634766,16.95049285888672,26.060081481933594,26.110374450683594
2007-05-01,21.51776885986328,44.25395965576172,20.058732986450195,31.699111938476562,21.40545654296875,22.223102569580078,39.69108200073242,26.8937931060791,17.179384231567383,27.59857940673828,27.465009689331055
2007-06-01,20.541236877441406,40.01567077636719,20.019638061523438,31.090436935424805,20.836793899536133,21.022716522216797,40.09206771850586,25.85405921936035,16.733972549438477,27.32866096496582,27.40184783935547
2007-07-01,18.781126022338867,36.7360725402832,19.99456214904785,29.300235748291016,20.729637145996094,20.323102951049805,40.21431350708008,24.756731033325195,16.357791900634766,26.719751358032227,27.732807159423828
2007-08-01,19.266353607177734,38.666805267333984,20.378026962280273,29.482362747192383,20.59930419921875,20.64398956298828,40.698055267333984,25.32356834411621,16.743703842163086,26.53672981262207,27.739824295043945
2007-09-01,19.591739654541016,39.90351867675781,21.105812072753906,29.165620803833008,21.008934020996094,21.28577995300293,43.594661712646484,26.022897720336914,17.415943145751953,28.543079376220703,28.907978057861328
2007-10-01,19.397397994995117,40.56614685058594,22.269304275512695,29.080188751220703,20.160003662109375,22.863210678100586,44.819618225097656,26.601184844970703,17.782094955444336,29.86554718017578,28.67926597595215
2007-11-01,17.827436447143555,36.864933013916016,20.591257095336914,27.493274688720703,18.23377227783203,23.01401138305664,42.93217468261719,26.940996170043945,18.270309448242188,28.360702514648438,27.86590576171875
2007-12-01,16.637022018432617,34.59049606323242,20.9049072265625,25.946043014526367,18.40207862854004,22.798574447631836,46.36814498901367,26.084081649780273,18.02620506286621,28.39474105834961,27.6961727142334
2008-01-01,16.910465240478516,35.026222229003906,18.315086364746094,26.03561782836914,16.463289260864258,21.284526824951172,40.77543258666992,24.985532760620117,17.112092971801758,27.461822509765625,26.293731689453125
2008-02-01,14.98961067199707,33.556373596191406,17.448570251464844,25.028711318969727,14.80191421508789,20.410783767700195,44.5541877746582,24.318262100219727,17.06804656982422,28.09423828125,25.76075553894043
2008-03-01,14.432503700256348,34.6694221496582,17.645509719848633,24.54922866821289,14.651451110839844,20.589874267578125,43.38834762573242,23.109766006469727,17.527311325073242,27.613040924072266,26.57799530029297
2008-04-01,15.566787719726562,37.091758728027344,18.753429412841797,25.16571044921875,15.960933685302734,21.798864364624023,48.03147888183594,23.444080352783203,17.488210678100586,29.1749210357666,27.481225967407227
2008-05-01,14.484545707702637,37.393310546875,19.974760055541992,25.853864669799805,16.977434158325195,22.580516815185547,50.52851486206055,23.890928268432617,18.019498825073242,30.69192886352539,27.723909378051758
2008-06-01,11.852055549621582,32.74068832397461,18.052141189575195,22.789165496826172,15.20960807800293,22.247085571289062,51.98563766479492,22.77382469177246,16.918970108032227,28.77498435974121,24.276268005371094
2008-07-01,12.76562786102295,33.88899230957031,17.661142349243164,22.91196060180664,14.780597686767578,20.969257354736328,43.828514099121094,23.905153274536133,17.40538215637207,27.971622467041016,24.583600997924805
2008-08-01,12.641690254211426,34.503658294677734,17.977210998535156,24.49402618408203,15.20000171661377,20.73798179626465,43.975765228271484,24.39896583557129,17.875450134277344,27.53521156311035,25.25771141052246
2008-09-01,11.7387113571167,33.698604583740234,15.685622215270996,22.406007766723633,12.944145202636719,18.298540115356445,37.289573669433594,22.483564376831055,17.532426834106445,23.136510848999023,22.08794593811035
2008-10-01,9.253387451171875,23.442184448242188,13.20208740234375,18.519880294799805,10.391327857971191,16.060516357421875,30.377004623413086,19.992809295654297,15.426127433776855,18.061309814453125,18.156293869018555
2008-11-01,7.543328285217285,18.3901309967041,12.091996192932129,16.51316261291504,10.609550476074219,16.732717514038086,29.715076446533203,18.730100631713867,15.394150733947754,16.13115119934082,16.66370964050293
2008-12-01,7.459908485412598,20.5112247467041,12.218871116638184,17.383546829223633,10.577460289001465,16.127180099487305,28.231698989868164,19.955223083496094,15.266237258911133,15.84545612335205,16.88724136352539
2009-01-01,5.58775520324707,17.708084106445312,11.702316284179688,15.656087875366211,10.01350212097168,16.302837371826172,27.873205184936523,19.8348331451416,14.287172317504883,14.85338306427002,15.005456924438477
2009-02-01,4.595987796783447,14.204888343811035,11.255902290344238,14.235015869140625,9.83120059967041,14.260763168334961,24.433610916137695,17.377227783203125,13.132591247558594,13.661446571350098,12.449941635131836
2009-03-01,5.3277201652526855,14.385699272155762,12.451645851135254,15.956536293029785,10.37810230255127,14.373270034790039,25.22370147705078,18.307327270507812,13.609907150268555,15.664471626281738,13.418272018432617
2009-04-01,6.553894519805908,19.06622886657715,13.820340156555176,19.014263153076172,11.297143936157227,14.70268440246582,27.33576011657715,18.398035049438477,14.27447509765625,18.214933395385742,15.995540618896484
2009-05-01,7.470094680786133,19.49954605102539,14.140819549560547,18.875484466552734,11.703895568847656,15.225954055786133,30.85870933532715,19.65347671508789,15.001172065734863,19.279300689697266,16.532146453857422
2009-06-01,7.299073219299316,18.731122970581055,14.589476585388184,18.84282112121582,11.671092987060547,15.862971305847168,28.691198348999023,20.018693923950195,14.916823387145996,18.307174682617188,16.142547607421875
2009-07-01,7.987500190734863,21.026460647583008,15.85466480255127,20.718900680541992,11.942586898803711,16.64785385131836,30.380229949951172,21.312225341796875,16.03132438659668,20.772899627685547,17.67120361328125
2009-08-01,9.025078773498535,23.8006649017334,16.112194061279297,21.448604583740234,11.77680778503418,16.814674377441406,30.7103214263916,21.885761260986328,16.22747039794922,21.265117645263672,18.514799118041992
2009-09-01,9.17242431640625,25.026491165161133,16.796283721923828,22.52267074584961,12.50622844696045,16.872201919555664,32.360755920410156,21.923995971679688,16.645904541015625,22.071205139160156,19.491594314575195
2009-10-01,8.652745246887207,23.995927810668945,16.64854621887207,22.061187744140625,11.623750686645508,16.50005531311035,33.30628967285156,21.55954933166504,17.008378982543945,21.016761779785156,18.813796997070312
2009-11-01,9.028422355651855,25.694284439086914,17.569421768188477,23.541807174682617,12.454973220825195,17.29629135131836,34.252742767333984,23.564199447631836,17.633939743041992,23.280319213867188,20.46531105041504
2009-12-01,8.86829662322998,27.173694610595703,18.522613525390625,24.487749099731445,13.420269012451172,18.028587341308594,34.367279052734375,23.863746643066406,17.429811477661133,23.63131332397461,20.67360496520996
2010-01-01,8.765222549438477,25.97920036315918,16.992067337036133,23.910308837890625,12.327759742736816,17.366374969482422,33.03297805786133,24.157743453979492,17.41541862487793,21.70918083190918,20.50093650817871
2010-02-01,9.07429313659668,27.39691162109375,17.58386993408203,25.24186897277832,12.65929889678955,17.13701820373535,34.02700424194336,24.250408172607422,17.967130661010742,22.688753128051758,21.594127655029297
2010-03-01,9.859333038330078,29.777685165405273,18.726947784423828,27.160648345947266,13.545655250549316,17.44282341003418,34.86344528198242,24.81420135498047,18.56536865234375,24.431833267211914,23.391128540039062
2010-04-01,10.011911392211914,31.988441467285156,19.02242088317871,28.853174209594727,13.890652656555176,18.060901641845703,36.439186096191406,23.92865753173828,18.443758010864258,24.535369873046875,24.47054100036621
2010-05-01,9.094975471496582,30.170373916625977,17.599191665649414,26.823009490966797,13.359017372131348,17.064111709594727,32.26669692993164,22.37112045288086,17.58933448791504,22.19659423828125,22.239120483398438
2010-06-01,8.555971145629883,28.515380859375,16.59073257446289,24.138225555419922,12.718331336975098,16.767440795898438,30.216968536376953,21.851943969726562,17.02193260192871,20.47863006591797,20.608741760253906
2010-07-01,9.132720947265625,31.466325759887695,17.889976501464844,26.1363525390625,14.006428718566895,18.209430694580078,32.89652633666992,22.25117301940918,18.139102935791016,23.208236694335938,22.869482040405273
2010-08-01,8.418742179870605,31.058164596557617,16.886110305786133,25.097225189208984,13.792961120605469,18.473247528076172,31.283466339111328,21.8851261138916,17.802936553955078,22.504955291748047,21.283946990966797
2010-09-01,8.909214973449707,32.21567153930664,18.787736892700195,27.77403450012207,15.004921913146973,18.81501579284668,34.252960205078125,23.746532440185547,18.744186401367188,23.766515731811523,23.616945266723633
2010-10-01,9.059903144836426,33.77424240112305,19.945049285888672,29.406185150146484,15.284296035766602,19.21396827697754,36.362361907958984,24.400970458984375,19.48048973083496,25.744564056396484,24.42028045654297
2010-11-01,8.99767780303955,33.23961639404297,19.617412567138672,30.148422241210938,15.1249361038208,18.632465362548828,38.4922981262207,23.696426391601562,19.17579460144043,26.033079147338867,24.746591567993164
2010-12-01,9.92482852935791,34.38877868652344,20.633092880249023,31.199243545532227,16.191932678222656,18.98379135131836,41.892822265625,24.659313201904297,19.84613609313965,28.415191650390625,26.46162986755371
2011-01-01,10.241837501525879,36.002323150634766,21.36492156982422,31.1903018951416,16.0865535736084,19.443998336791992,45.100250244140625,24.928878784179688,19.72574806213379,28.66860580444336,27.64177703857422
2011-02-01,10.522862434387207,37.6297721862793,21.833486557006836,33.0610466003418,16.29638671875,19.68306541442871,48.42342758178711,25.70789337158203,20.299489974975586,29.4293212890625,28.229095458984375
2011-03-01,10.235591888427734,36.896812438964844,21.42246437072754,32.759033203125,16.660079956054688,19.535947799682617,49.16944885253906,26.05413055419922,20.43609619140625,29.846961975097656,28.732511520385742
2011-04-01,10.256119728088379,38.95389175415039,22.055740356445312,34.13138198852539,17.286067962646484,20.52713966369629,49.78657531738281,27.85655403137207,21.651466369628906,30.581567764282227,29.647785186767578
2011-05-01,9.918007850646973,39.34864044189453,21.824777603149414,34.03879928588867,18.067951202392578,20.966655731201172,47.70182800292969,28.544286727905273,22.194128036499023,29.743501663208008,28.828075408935547
2011-06-01,9.611197471618652,37.78221893310547,21.19792366027832,33.84520721435547,17.53964614868164,20.725229263305664,46.61304473876953,28.085803985595703,21.452260971069336,29.45917320251465,28.52928352355957
2011-07-01,9.300105094909668,38.208675384521484,21.37390899658203,33.49168395996094,16.570293426513672,20.742637634277344,47.46791458129883,27.103395462036133,21.326005935668945,28.600635528564453,26.699832916259766
2011-08-01,8.407796859741211,36.179054260253906,20.239368438720703,31.73473358154297,15.8347749710083,21.192890167236328,42.618682861328125,26.531463623046875,21.367509841918945,26.591598510742188,24.944486618041992
2011-09-01,7.421231746673584,31.974403381347656,19.54375457763672,29.44565773010254,14.420329093933105,21.024045944213867,36.32895278930664,25.204883575439453,20.51668930053711,22.091943740844727,22.496219635009766
2011-10-01,8.516159057617188,36.58222198486328,21.621482849121094,33.072486877441406,15.09493350982666,22.015705108642578,43.45299530029297,26.802230834960938,21.624731063842773,26.059791564941406,25.873767852783203
2011-11-01,8.080888748168945,35.24008560180664,21.297290802001953,32.835166931152344,15.030730247497559,22.243133544921875,44.17607879638672,27.05779266357422,22.223875045776367,26.11273956298828,26.237653732299805
2011-12-01,8.200746536254883,36.30739212036133,21.15596580505371,33.072486877441406,14.980792045593262,22.729572296142578,43.09147262573242,27.704683303833008,22.634904861450195,25.341157913208008,26.129255294799805
2012-01-01,8.926234245300293,39.10926055908203,22.567703247070312,35.22521209716797,15.305418014526367,22.15369415283203,44.2503776550293,28.75151252746582,22.516170501708984,28.320667266845703,28.229442596435547
2012-02-01,9.370636940002441,38.838035583496094,24.170732498168945,36.81937026977539,16.040422439575195,22.287839889526367,46.87322998046875,29.05670166015625,23.35973358154297,28.16071319580078,29.016637802124023
2012-03-01,10.030903816223145,40.23294448852539,25.18097686767578,38.43912124633789,15.997190475463867,22.383665084838867,44.91392135620117,30.205148696899414,23.957265853881836,28.16071319580078,29.16470718383789
2012-04-01,9.827278137207031,41.63179397583008,24.977062225341797,39.00215148925781,15.863524436950684,22.990449905395508,44.76690673828125,30.27687644958496,24.15476417541504,28.038551330566406,28.979642868041992
2012-05-01,8.922891616821289,39.87949752807617,23.39400291442871,36.85579299926758,15.356704711914062,23.11939239501953,39.984840393066406,29.179136276245117,23.872079849243164,25.859394073486328,27.147367477416992
2012-06-01,9.324136734008789,41.651336669921875,24.06407928466797,37.437278747558594,16.26898193359375,23.84791374206543,41.70663833618164,30.680469512939453,24.57171058654785,26.983383178710938,27.93039894104004
2012-07-01,9.381765365600586,42.998313903808594,24.603168487548828,37.3636474609375,17.37696647644043,24.675031661987305,43.979164123535156,31.15420913696289,25.352846145629883,26.78368377685547,28.17270851135254
2012-08-01,9.701745986938477,43.12973403930664,25.637413024902344,39.088539123535156,17.581233978271484,23.653406143188477,45.166255950927734,31.51939582824707,25.231876373291016,27.406373977661133,28.605419158935547
2012-09-01,9.976923942565918,42.30828094482422,25.923301696777344,40.152618408203125,18.624431610107422,23.679439544677734,46.36597442626953,32.558128356933594,25.49515724182129,28.290454864501953,28.739160537719727
2012-10-01,10.217594146728516,42.39595413208008,24.375524520874023,39.6727409362793,17.917272567749023,24.265350341796875,45.62852478027344,32.64655685424805,25.359827041625977,27.84358024597168,28.893510818481445
2012-11-01,10.127629280090332,42.15084457397461,24.595033645629883,40.929996490478516,17.52106475830078,23.226348876953125,45.07039260864258,32.81781768798828,25.825603485107422,28.361343383789062,29.400266647338867
2012-12-01,10.532479286193848,42.83979415893555,24.358640670776367,40.852508544921875,17.799882888793945,22.963308334350586,45.29872131347656,32.52423095703125,25.00870704650879,29.010494232177734,30.009963989257812
2013-01-01,11.238656044006348,45.11064147949219,24.965816497802734,43.44587326049805,18.481300354003906,24.326425552368164,49.309852600097656,35.184322357177734,26.716806411743164,30.420785903930664,31.96894645690918
2013-02-01,11.3744478225708,45.68062210083008,25.16112518310547,44.13922119140625,17.667144775390625,24.891691207885742,49.5265998840332,35.62710952758789,27.600847244262695,30.007587432861328,32.67882537841797
2013-03-01,11.77536392211914,46.59264373779297,25.704601287841797,45.93320846557617,17.98539924621582,26.002275466918945,50.55935287475586,37.677005767822266,28.818214416503906,30.54552459716797,33.3089599609375
2013-04-01,12.1329927444458,49.681060791015625,26.261611938476562,47.470184326171875,19.944965362548828,27.791061401367188,50.11994171142578,38.97648620605469,29.812593460083008,30.96099090576172,33.205177307128906
2013-05-01,12.872655868530273,46.45508575439453,26.99488639831543,48.78276824951172,19.490995407104492,25.275577545166016,51.547916412353516,39.61882019042969,29.164487838745117,31.54810905456543,34.871429443359375
2013-06-01,12.619612693786621,44.926658630371094,26.082548141479492,49.026161193847656,19.237951278686523,25.242042541503906,50.13916015625,39.20708465576172,28.887773513793945,30.02158546447754,34.15846633911133
2013-07-01,13.347973823547363,45.45742416381836,27.191192626953125,51.77320861816406,20.98634910583496,26.6063175201416,53.03034973144531,42.2054443359375,30.33700942993164,31.931640625,36.36205291748047
2013-08-01,12.663966178894043,42.48793029785156,26.908397674560547,50.2994384765625,20.13727569580078,25.278024673461914,52.48342514038086,40.716426849365234,28.95905303955078,31.892202377319336,35.46025085449219
2013-09-01,12.970141410827637,43.5460205078125,27.456846237182617,52.871986389160156,20.723358154296875,25.32547950744629,53.345619201660156,41.8497428894043,29.171607971191406,33.1385383605957,37.36853790283203
2013-10-01,13.452937126159668,45.59373474121094,28.976118087768555,55.45855712890625,22.166017532348633,26.532756805419922,55.84253692626953,43.83316421508789,31.2369441986084,34.69981002807617,39.328330993652344
2013-11-01,14.048084259033203,43.47838592529297,29.871673583984375,57.373924255371094,21.6141300201416,26.019617080688477,55.87484359741211,45.90147018432617,31.7237548828125,35.15169143676758,40.76815414428711
2013-12-01,14.296606063842773,43.4646110534668,30.775827407836914,58.449684143066406,22.475971221923828,25.978565216064453,57.21290588378906,46.050987243652344,31.701631546020508,36.6421012878418,42.272705078125
2014-01-01,13.838165283203125,45.38095474243164,30.131420135498047,55.162681579589844,21.971712112426758,27.03807830810547,54.14790344238281,46.674346923828125,30.292736053466797,35.13369369506836,40.67498779296875
2014-02-01,14.25870132446289,47.536991119384766,31.45540428161621,58.69267654418945,21.933612823486328,27.97161865234375,56.92089080810547,49.576900482177734,31.474414825439453,37.55891036987305,42.32542037963867
2014-03-01,14.67923355102539,47.06404495239258,31.45540428161621,56.83106994628906,22.8481388092041,28.6700382232666,57.8365592956543,48.78453826904297,32.00209045410156,37.71846389770508,42.54491424560547
2014-04-01,14.483012199401855,49.04818344116211,31.677644729614258,56.23473358154297,22.469560623168945,30.12916374206543,61.17518997192383,48.64364242553711,33.04607009887695,38.18147659301758,43.301856994628906
2014-05-01,14.700652122497559,50.420013427734375,32.86825942993164,57.85552978515625,23.097759246826172,29.80144691467285,62.19978332519531,50.04136657714844,33.643653869628906,39.31083297729492,44.134742736816406
2014-06-01,14.997437477111816,50.50443649291992,33.32887649536133,58.78926086425781,23.23564910888672,30.861297607421875,65.32577514648438,50.91181182861328,33.32990646362305,39.75935745239258,44.142913818359375
2014-07-01,14.838286399841309,50.873817443847656,34.050025939941406,58.22602844238281,23.680606842041016,29.008459091186523,63.354034423828125,51.17021560668945,32.44533157348633,39.148860931396484,42.51511001586914
2014-08-01,15.467312812805176,52.64030075073242,35.16758728027344,60.815242767333984,23.649782180786133,30.4360294342041,64.7374267578125,53.64849853515625,33.94200897216797,40.66169357299805,44.311519622802734
2014-09-01,15.341511726379395,49.09311294555664,34.83580780029297,58.9329719543457,23.079538345336914,29.599185943603516,59.41366195678711,53.69050598144531,33.92695999145508,39.90525817871094,43.59788513183594
2014-10-01,15.85037899017334,53.67731475830078,35.54691696166992,60.38026809692383,23.602184295654297,32.264339447021484,57.61054992675781,56.71464920043945,35.35283279418945,39.12831115722656,45.50128173828125
2014-11-01,16.22269630432129,55.13772964477539,37.256752014160156,63.669700622558594,23.834566116333008,32.640403747558594,52.602073669433594,58.68748474121094,37.313079833984375,39.74272537231445,46.90232467651367
2014-12-01,16.442106246948242,55.00887680053711,36.25716781616211,63.971195220947266,22.680402755737305,33.506072998046875,52.16713333129883,57.65046310424805,36.70002746582031,39.273841857910156,46.63036346435547
2015-01-01,15.376694679260254,58.757080078125,35.16773986816406,62.31327819824219,22.235219955444336,34.59223175048828,50.097381591796875,58.61699676513672,36.60566329956055,38.797359466552734,45.22636032104492
2015-02-01,16.272159576416016,57.23081970214844,37.97938919067383,67.63739776611328,24.01154327392578,32.38009262084961,52.398353576660156,61.13023376464844,38.122642517089844,41.888771057128906,47.646392822265625
2015-03-01,16.111780166625977,57.3754768371582,36.52508544921875,67.08539581298828,23.54409408569336,31.807382583618164,51.443477630615234,61.350276947021484,37.154502868652344,39.684104919433594,46.220890045166016
2015-04-01,16.185344696044922,55.059932708740234,37.6834831237793,67.27496337890625,24.080617904663086,31.906295776367188,55.197837829589844,60.85149383544922,37.098270416259766,41.17342758178711,46.31673049926758
2015-05-01,16.50060272216797,54.87764358520508,38.382633209228516,68.15934753417969,23.524616241455078,32.10832977294922,52.33378601074219,63.59238815307617,37.420406341552734,41.32859802246094,46.466590881347656
2015-06-01,16.35302734375,51.99701690673828,36.639183044433594,68.32013702392578,22.929445266723633,29.91486930847168,50.17742919921875,63.125675201416016,36.50771713256836,39.515708923339844,45.00956726074219
2015-07-01,16.98369026184082,55.06161117553711,37.85301971435547,71.88882446289062,22.921205520629883,32.02904510498047,46.62633514404297,65.21641540527344,38.82533645629883,37.69465637207031,45.366920471191406
2015-08-01,15.784517288208008,51.86077880859375,35.76390838623047,67.19304656982422,22.487388610839844,30.915061950683594,44.64382553100586,60.022281646728516,36.510169982910156,35.56997299194336,42.91532516479492
2015-09-01,15.265779495239258,52.20661163330078,35.11495590209961,66.54779052734375,21.296371459960938,31.519384384155273,41.12903594970703,56.39488220214844,36.417564392089844,32.74800491333008,41.74390411376953
2015-10-01,16.301748275756836,55.974056243896484,38.97921371459961,72.83444213867188,23.687252044677734,32.155067443847656,46.05633544921875,60.96623229980469,38.7418327331543,37.3516731262207,45.654090881347656
2015-11-01,16.626699447631836,55.862667083740234,39.25603485107422,72.66350555419922,23.536571502685547,31.471540451049805,46.04955291748047,60.76966094970703,38.38455581665039,37.7228889465332,46.04948043823242
2015-12-01,16.13250160217285,55.766109466552734,38.24695587158203,70.30674743652344,22.830795288085938,31.80963706970215,40.8366584777832,61.5558967590332,39.215614318847656,35.81734848022461,44.594120025634766
2016-01-01,14.796197891235352,54.16312026977539,37.01207733154297,66.939453125,22.066991806030273,33.72760009765625,39.76513671875,57.04502868652344,39.71574401855469,32.22114181518555,42.30891799926758
2016-02-01,14.36702823638916,53.75688934326172,36.76974105834961,67.23750305175781,23.496301651000977,34.38106155395508,38.65161895751953,56.839054107666016,39.84092330932617,34.73931884765625,44.11163330078125
2016-03-01,15.327553749084473,58.57139205932617,39.812198638916016,71.4466323852539,24.40152931213379,36.846397399902344,42.27906799316406,58.16926574707031,41.515323638916016,37.240875244140625,46.946895599365234
2016-04-01,15.949821472167969,58.28010177612305,38.0019645690918,71.83139038085938,24.941099166870117,36.22565841674805,46.44066619873047,60.10914611816406,41.13102722167969,39.27993392944336,47.77474594116211
2016-05-01,16.250900268554688,59.566619873046875,39.860111236572266,71.8676986694336,25.252761840820312,36.77182388305664,46.007205963134766,61.4527587890625,41.41413497924805,39.146488189697266,47.57057189941406
2016-06-01,15.641913414001465,62.71812438964844,39.120460510253906,70.7974624633789,26.611299514770508,39.25568771362305,46.94977951049805,61.76280975341797,43.37239456176758,38.646121978759766,47.647132873535156
2016-07-01,16.269004821777344,65.59749603271484,42.102664947509766,74.2889633178711,27.665494918823242,39.31279373168945,46.66334533691406,65.02943420410156,43.27730178833008,40.80900192260742,49.64625549316406
2016-08-01,16.894996643066406,63.40066146850586,42.59212112426758,73.32418060302734,25.851627349853516,37.13294219970703,47.445919036865234,62.9194450378418,43.024131774902344,40.700035095214844,50.1167106628418
2016-09-01,16.343503952026367,61.94123458862305,43.30819320678711,72.85086822509766,25.859651565551758,36.951908111572266,48.90024948120117,62.35734939575195,42.09844970703125,40.02113342285156,49.93709182739258
2016-10-01,16.796018600463867,59.36838150024414,43.159671783447266,71.35619354248047,25.3791446685791,37.60172653198242,47.809329986572266,58.475303649902344,42.03278732299805,39.38497543334961,49.203739166259766
2016-11-01,19.15290069580078,57.981788635253906,43.232486724853516,74.78238677978516,25.823684692382812,35.56303024291992,51.857322692871094,59.68196487426758,40.265506744384766,42.07241439819336,53.67603302001953
2016-12-01,19.782541275024414,59.60078811645508,44.015220642089844,74.37124633789062,27.88472557067871,36.94752502441406,52.47740936279297,59.84690856933594,41.165061950683594,41.870235443115234,53.512611389160156
2017-01-01,19.923656463623047,60.51529312133789,45.78184509277344,77.96392059326172,28.869115829467773,37.77371597290039,51.05984878540039,61.487064361572266,42.1778564453125,44.063270568847656,54.84408950805664
2017-02-01,20.974977493286133,63.16244125366211,47.857032775878906,79.3792953491211,27.055143356323242,39.76301574707031,49.995216369628906,65.38450622558594,44.19090270996094,44.309200286865234,56.99009323120117
2017-03-01,20.28264617919922,61.65427017211914,48.73462677001953,80.83141326904297,26.306774139404297,39.40971755981445,48.958614349365234,64.83518981933594,43.773868560791016,44.444881439208984,56.29783630371094
2017-04-01,20.183368682861328,62.59364700317383,49.90427017211914,83.01821899414062,27.899662017822266,40.01103210449219,47.80079650878906,66.06782531738281,44.48786544799805,45.146209716796875,57.666446685791016
2017-05-01,19.943191528320312,62.52226257324219,51.8773193359375,83.93083953857422,26.81682586669922,41.66720962524414,46.10973358154297,66.57534790039062,45.66496658325195,45.15471267700195,58.69215774536133
2017-06-01,21.16123390197754,63.259761810302734,50.21628952026367,82.62185668945312,26.464069366455078,40.21225357055664,45.743324279785156,69.34059143066406,44.29437255859375,45.77571105957031,59.205039978027344
2017-07-01,21.603801727294922,64.53480529785156,52.66680908203125,84.47342681884766,26.326080322265625,41.521541595458984,47.26432800292969,70.18701171875,44.944644927978516,46.69955062866211,59.65991973876953
2017-08-01,21.267995834350586,64.96685028076172,54.20555114746094,82.90155792236328,26.3095760345459,42.886863708496094,44.67478561401367,71.41697692871094,44.44904708862305,47.067073822021484,59.790924072265625
2017-09-01,22.266817092895508,63.91075134277344,54.45431137084961,83.2898941040039,25.09642791748047,41.3889045715332,48.58392333984375,71.80353546142578,43.8559684753418,48.54566192626953,62.0092887878418
2017-10-01,22.9995174407959,64.4891128540039,58.20890426635742,85.35685729980469,25.137039184570312,43.33188247680664,48.814002990722656,71.52114868164062,43.40362548828125,50.69755935668945,62.75785827636719
2017-11-01,23.79499053955078,66.143310546875,59.031856536865234,89.6808090209961,25.120361328125,44.49536895751953,49.66938400268555,73.6021499633789,45.82355880737305,51.17875671386719,65.37238311767578
2017-12-01,24.132198333740234,65.36863708496094,59.13356399536133,91.57376098632812,24.51194190979004,41.41372299194336,51.94080352783203,72.90552520751953,46.510292053222656,52.01226043701172,66.39012145996094
2018-01-01,25.83391571044922,64.06385803222656,63.530662536621094,100.3765640258789,24.853271484375,40.49847412109375,54.16075897216797,77.9953384399414,47.62194061279297,54.356964111328125,70.33224487304688
2018-02-01,25.078182220458984,59.79891586303711,63.27078628540039,96.89444732666016,23.482343673706055,38.92741012573242,48.29243850708008,74.4895248413086,43.9897575378418,51.490150451660156,67.61528015136719
2018-03-01,23.94892692565918,61.544036865234375,60.718414306640625,94.30614471435547,22.72539520263672,40.09381103515625,48.77724838256836,72.06377410888672,43.34733200073242,49.16736602783203,65.53346252441406
2018-04-01,23.931488037109375,62.19425582885742,60.945621490478516,96.83424377441406,23.211502075195312,41.22890853881836,53.78848648071289,73.08102416992188,41.785240173339844,49.4158935546875,63.964210510253906
2018-05-01,23.69609260559082,64.29096221923828,65.07940673828125,98.75784301757812,22.855575561523438,40.77313995361328,55.39899826049805,73.21427917480469,41.13091278076172,50.4300422668457,65.93045043945312
2018-06-01,23.18172264099121,66.2561264038086,64.67908477783203,102.06346130371094,23.364044189453125,41.548770904541016,55.34072494506836,74.1471176147461,42.67973709106445,50.334686279296875,63.4416618347168
2018-07-01,24.472946166992188,67.45710754394531,66.262939453125,104.17596435546875,23.56755828857422,42.59004592895508,56.58024597167969,79.29944610595703,44.712928771972656,52.01457214355469,68.40013122558594
2018-08-01,24.805681228637695,69.05947875976562,70.63562774658203,109.49382781982422,25.32530403137207,43.13865661621094,54.61403274536133,82.73252868652344,44.8881950378418,51.61398696899414,68.56018829345703
2018-09-01,24.148977279663086,66.4358901977539,70.38336181640625,109.74662017822266,25.37650489807129,42.47709655761719,55.56779479980469,84.84585571289062,45.013397216796875,50.447078704833984,69.71619415283203
2018-10-01,23.1127872467041,65.4875717163086,64.9688720703125,98.95637512207031,24.198284149169922,43.70557403564453,49.611751556396484,79.40267944335938,46.2391357421875,46.03242874145508,62.44011306762695
2018-11-01,23.71963119506836,68.56449890136719,63.693885803222656,101.40726470947266,24.635908126831055,45.25224304199219,48.83609390258789,85.82113647460938,47.28984069824219,47.782386779785156,64.81693267822266
2018-12-01,20.949264526367188,62.8298454284668,58.10636901855469,92.97464752197266,22.610809326171875,43.078765869140625,42.36500549316406,77.44223022460938,42.68357467651367,44.2037353515625,57.552486419677734
2019-01-01,22.95602035522461,70.45405578613281,62.40730667114258,102.54946899414062,24.06098747253418,44.9552001953125,47.55562210083008,81.53457641601562,45.28810119628906,46.983551025390625,64.52507781982422
2019-02-01,23.46929359436035,70.96852111816406,66.71971130371094,103.8975601196289,25.476842880249023,46.802337646484375,48.651676177978516,82.41586303710938,46.09394073486328,48.480682373046875,68.6337661743164
2019-03-01,22.752470016479492,73.40583038330078,69.67623138427734,107.32904815673828,25.51974868774414,47.754638671875,49.300376892089844,82.50580596923828,47.595340728759766,48.876991271972656,67.45600891113281
2019-04-01,24.923328399658203,73.89459228515625,74.3504867553711,113.57905578613281,26.171388626098633,48.55540466308594,49.67951583862305,80.56558990478516,49.220741271972656,50.81283950805664,70.53946685791016
2019-05-01,23.135469436645508,73.78416442871094,67.9082260131836,104.942626953125,24.168832778930664,48.17496871948242,44.16374969482422,78.77845764160156,47.429664611816406,46.65581512451172,65.15020751953125
2019-06-01,24.54975128173828,74.15787506103516,73.71763610839844,112.75607299804688,25.420433044433594,49.3162841796875,47.87599563598633,83.61634826660156,49.52779006958008,51.74152755737305,70.00595092773438
2019-07-01,25.255937576293945,76.5081558227539,76.56597137451172,114.587646484375,26.01618003845215,49.64328384399414,47.547088623046875,82.61344909667969,51.07405090332031,51.90860366821289,70.67366790771484
2019-08-01,24.06690216064453,79.13575744628906,75.3905029296875,113.50553894042969,24.644168853759766,52.16921615600586,43.588626861572266,82.12395477294922,52.182674407958984,50.44050598144531,68.80284118652344
2019-09-01,25.032442092895508,80.06011962890625,76.33847045898438,114.56865692138672,25.356225967407227,53.96987533569336,44.89295196533203,81.69792175292969,52.78425598144531,51.784034729003906,70.5011215209961
2019-10-01,25.789052963256836,81.2520751953125,79.5621337890625,115.0915756225586,26.004268646240234,53.97562026977539,44.3546028137207,86.242431640625,52.87177276611328,52.03545379638672,71.67818450927734
2019-11-01,27.09198570251465,80.33836364746094,83.83170318603516,116.61531829833984,25.87337303161621,52.967506408691406,45.0662956237793,90.55681610107422,53.597938537597656,53.689796447753906,74.9010009765625
2019-12-01,27.6580867767334,80.23491668701172,87.16937255859375,119.44379425048828,26.074073791503906,54.28644943237305,45.94635009765625,92.71402740478516,54.44511795043945,54.923828125,74.38060760498047
2020-01-01,27.058305740356445,82.32438659667969,90.94540405273438,119.7420654296875,25.855785369873047,58.40180969238281,42.52956008911133,91.20173645019531,55.0654296875,51.818790435791016,74.4200668334961
2020-02-01,24.01470184326172,76.08280944824219,84.3055191040039,110.67444610595703,24.599035263061523,52.64459991455078,36.027565002441406,85.19458770751953,50.5420036315918,47.403892517089844,67.05236053466797
2020-03-01,18.803537368774414,60.56155014038086,76.67347717285156,93.71450805664062,21.839441299438477,46.91278839111328,23.12704086303711,81.4872817993164,47.47410202026367,40.49831008911133,54.142860412597656
2020-04-01,20.75726890563965,66.84124755859375,87.66106414794922,111.95074462890625,24.131982803344727,48.96443176269531,30.918556213378906,92.18976593017578,51.06813049316406,46.96027755737305,59.37137985229492
2020-05-01,21.321969985961914,68.04535675048828,93.9520263671875,119.23809814453125,24.921588897705078,51.04239273071289,31.536916732788086,95.22176361083984,51.918399810791016,50.191741943359375,62.57065200805664
2020-06-01,21.076051712036133,69.26703643798828,100.20462799072266,122.61775970458984,24.45137596130371,48.25468826293945,30.7965030670166,92.50405883789062,51.4012336730957,51.00639724731445,63.52302932739258
2020-07-01,22.026287078857422,72.60260772705078,106.19287872314453,131.84371948242188,25.61841583251953,52.45151901245117,29.691593170166016,97.9644775390625,55.38832473754883,54.936336517333984,66.61914825439453
2020-08-01,22.970399856567383,72.77072143554688,118.80947875976562,144.4410400390625,25.94857406616211,51.08913040161133,29.37844467163086,100.498779296875,57.932472229003906,57.33000946044922,72.2659683227539
2020-09-01,22.062952041625977,70.63848114013672,112.22229766845703,141.44805908203125,24.27102279663086,51.20123291015625,24.681188583374023,97.9180908203125,56.62504959106445,57.92161178588867,71.4950942993164
2020-10-01,21.99074935913086,68.99290466308594,106.84249877929688,137.88223266601562,23.936939239501953,54.25061798095703,24.05694580078125,94.7471923828125,55.327125549316406,57.77369689941406,70.7380599975586
2020-11-01,25.695810317993164,74.91217803955078,119.00515747070312,151.66368103027344,26.80541229248047,54.65066909790039,30.791545867919922,102.27774047851562,59.4593391418457,64.91539001464844,82.07553100585938
2020-12-01,27.17046356201172,76.23845672607422,125.30817413330078,155.05844116210938,27.174091339111328,54.528907775878906,31.74646759033203,105.72615051269531,59.93920135498047,66.19559478759766,82.56035614013672
2021-01-01,26.825105667114258,76.455810546875,124.54705810546875,156.53428649902344,27.8596248626709,54.50736999511719,33.376407623291016,107.65006256103516,57.43017578125,64.91809844970703,79.36299896240234
2021-02-01,29.938486099243164,78.31163787841797,126.24723815917969,155.70335388183594,27.71485137939453,51.18342971801758,40.871665954589844,105.38532257080078,56.72226333618164,67.5923843383789,84.83049011230469
2021-03-01,31.550771713256836,82.42668151855469,128.2951202392578,162.3894805908203,29.253061294555664,56.16495132446289,41.64411163330078,109.25033569335938,61.21165084838867,72.4171371459961,92.17041778564453
2021-04-01,33.747474670410156,89.36528015136719,135.23580932617188,173.14735412597656,29.956544876098633,58.952327728271484,42.36905288696289,113.93997192382812,62.68682861328125,76.63594818115234,95.72217559814453
2021-05-01,35.357601165771484,90.2662124633789,133.97735595703125,167.26353454589844,30.230117797851562,57.57394790649414,44.78817367553711,116.07169342041016,63.79496765136719,80.53050231933594,98.7178726196289
2021-06-01,34.14768981933594,91.84288024902344,142.94143676757812,172.78929138183594,30.29395294189453,55.8686408996582,46.21220397949219,118.27857971191406,63.0381965637207,75.96224975585938,96.16353607177734
2021-07-01,34.12409973144531,96.63301849365234,148.77023315429688,174.86764526367188,31.0341854095459,58.742347717285156,42.802059173583984,124.58521270751953,64.84407806396484,77.87699127197266,97.37201690673828
2021-08-01,35.88076400756836,98.50736236572266,154.0654296875,177.9884033203125,31.648813247680664,61.03078079223633,41.9441032409668,127.47010040283203,65.524169921875,79.35076141357422,98.45539855957031
2021-09-01,35.067840576171875,92.71227264404297,144.81338500976562,173.9178466796875,29.76823616027832,56.88134002685547,45.14190673828125,120.01286315917969,62.4229850769043,73.32598114013672,92.17180633544922
2021-10-01,37.781593322753906,99.72864532470703,156.93038940429688,195.2405242919922,29.42730140686035,60.03050231933594,50.40937042236328,126.60417938232422,65.0110092163086,79.2414779663086,98.75448608398438
2021-11-01,35.62318801879883,97.32259368896484,163.91566467285156,198.4338836669922,28.427881240844727,59.00769805908203,47.88319778442383,122.73468780517578,64.13505554199219,78.80393981933594,95.2386703491211
2021-12-01,36.64609146118164,105.44871520996094,168.9190216064453,198.4338836669922,30.454484939575195,64.22034454345703,48.681396484375,133.29295349121094,70.35787200927734,84.35232543945312,100.00201416015625
2022-01-01,36.831085205078125,97.76861572265625,157.65557861328125,179.78529357910156,28.702978134155273,62.61826705932617,58.56990051269531,124.63094329833984,69.79289245605469,79.01616668701172,95.56950378417969
2022-02-01,36.32190704345703,93.28289031982422,149.9660186767578,172.47528076171875,27.9234619140625,61.42466354370117,62.71031188964844,123.42481994628906,68.80989837646484,78.01500701904297,94.76312255859375
2022-03-01,36.13331985473633,99.27301788330078,154.69654846191406,179.8339080810547,27.737857818603516,67.32933044433594,67.91693878173828,130.10130310058594,69.71939086914062,82.47811126708984,97.69454193115234
2022-04-01,32.66804885864258,95.56885528564453,137.9072723388672,158.5748748779297,24.237560272216797,64.86632537841797,67.40945434570312,124.12420654296875,71.65061950683594,79.85843658447266,90.55720520019531
2022-05-01,33.576812744140625,91.32237243652344,136.96141052246094,150.4552764892578,25.497018814086914,67.660888671875,78.21829223632812,125.97240447998047,68.72518157958984,80.79759979248047,90.13838958740234
2022-06-01,29.771377563476562,84.72698211669922,123.9625015258789,133.84622192382812,23.444564819335938,63.837711334228516,64.14437866210938,122.17122650146484,66.6118392944336,69.12361907958984,83.1329116821289
2022-07-01,32.08086013793945,92.56340026855469,141.00323486328125,158.89276123046875,23.962156295776367,67.8536376953125,71.13148498535156,126.66682434082031,69.25982666015625,73.88597869873047,91.43278503417969
2022-08-01,31.452747344970703,87.1369857788086,132.24307250976562,151.74972534179688,23.22096061706543,68.21149444580078,73.0181655883789,119.35767364501953,67.97674560546875,71.31373596191406,88.84199523925781
2022-09-01,28.89275360107422,75.26727294921875,116.13066864013672,139.0055389404297,19.590044021606445,60.109432220458984,65.3263168334961,115.86571502685547,62.0446891784668,64.31570434570312,79.19584655761719
2022-10-01,32.50791549682617,78.45967102050781,125.32659912109375,140.84158325195312,21.704837799072266,61.68974685668945,82.5252685546875,127.50792694091797,68.0726547241211,70.45220947265625,90.63129425048828
2022-11-01,34.736976623535156,83.298583984375,133.25567626953125,142.93423461914062,22.40225601196289,65.98532104492188,83.57975769042969,133.5303497314453,72.23711395263672,78.69763946533203,97.71080780029297
2022-12-01,32.718387603759766,78.64649963378906,121.96481323242188,126.30079650878906,21.139362335205078,65.12621307373047,80.20539855957031,130.48548889160156,69.76651000976562,73.87590026855469,94.33914947509766
2023-01-01,35.195465087890625,87.27333068847656,133.6383056640625,145.8067169189453,23.084867477416992,64.34588623046875,83.31039428710938,128.6215057373047,69.50336456298828,81.02611541748047,98.30265808105469
2023-02-01,34.386810302734375,82.0702896118164,134.1887664794922,142.70822143554688,21.717994689941406,60.5367317199707,77.52971649169922,122.65142822265625,67.8916015625,78.32683563232422,97.45330810546875
2023-03-01,30.95005989074707,80.02489471435547,148.4313201904297,146.63040161132812,21.983779907226562,63.042030334472656,76.73300170898438,124.86007690429688,70.41761779785156,77.2069320678711,97.65599060058594
2023-04-01,32.09046936035156,81.2199935913086,148.58164978027344,145.42552185058594,21.55428123474121,64.71696472167969,79.686767578125,129.2877655029297,73.34165954589844,77.4369888305664,96.91309356689453
2023-05-01,30.726360321044922,77.94960021972656,161.83114624023438,149.11376953125,20.49282455444336,60.917259216308594,71.69281768798828,123.76885986328125,68.82411193847656,72.12069702148438,93.8603286743164
2023-06-01,32.61289978027344,82.03524017333984,171.26837158203125,167.01409912109375,21.13352394104004,61.39574432373047,75.97997283935547,128.51318359375,70.24472045898438,79.66732788085938,104.00711822509766
2023-07-01,34.33354187011719,83.86066436767578,176.05943298339844,171.22311401367188,21.56489372253418,63.43113708496094,82.60777282714844,130.42274475097656,72.25006103515625,82.81135559082031,107.43934631347656
2023-08-01,33.410335540771484,81.27957916259766,173.4039764404297,168.23703002929688,21.988113403320312,59.54411697387695,83.96756744384766,129.50885009765625,69.39820098876953,80.07737731933594,105.3084716796875
2023-09-01,32.23446273803711,74.42216491699219,161.82461547851562,158.64794921875,20.487611770629883,55.73276901245117,85.35570526123047,125.16307067871094,65.63070678710938,75.88465118408203,98.64337158203125
2023-10-01,31.58788299560547,72.56177520751953,162.2494354248047,150.1632080078125,20.009849548339844,56.90897750854492,81.0389404296875,121.5763931274414,65.16325378417969,73.8333511352539,96.09475708007812
2023-11-01,35.04341506958008,81.48148345947266,183.17239379882812,166.63082885742188,20.92817497253418,59.8359489440918,80.45867919921875,128.18528747558594,67.85198974609375,79.9974594116211,104.58462524414062
2023-12-01,36.70285415649414,88.05087280273438,190.41380310058594,176.53309631347656,22.00116729736328,60.37938690185547,79.75473022460938,133.1346435546875,69.16751861572266,83.03582763671875,111.36479949951172
2024-01-01,38.022483825683594,84.26785278320312,195.9894256591797,169.04542541503906,22.83147430419922,59.13889694213867,80.10780334472656,137.6530303955078,70.55299377441406,80.3609390258789,110.89356231689453
2024-02-01,39.57242202758789,86.06493377685547,205.2099151611328,182.38748168945312,21.3443660736084,59.764442443847656,82.7297134399414,142.00677490234375,72.03331756591797,85.59061431884766,118.86013793945312
2024-03-01,41.31855010986328,87.32774353027344,206.4888916015625,181.8731689453125,21.363805770874023,63.18092727661133,90.67230987548828,144.86024475097656,73.88134002685547,90.80072784423828,123.732421875
2024-04-01,39.74110794067383,80.54230499267578,194.91285705566406,174.0722198486328,20.1470890045166,64.7605972290039,90.54338073730469,138.1008758544922,73.58704376220703,86.94775390625,119.73986053466797
2024-05-01,41.0014762878418,84.51091003417969,208.70680236816406,174.41915893554688,21.233213424682617,70.563232421875,90.23357391357422,141.41734313964844,75.38042449951172,89.79271697998047,121.7007064819336
2024-06-01,40.47960662841797,85.55425262451172,224.6656494140625,180.79246520996094,21.252779006958008,66.11907196044922,88.24882507324219,143.43478393554688,74.63968658447266,86.63382720947266,120.0847396850586
2024-07-01,43.239810943603516,92.66134643554688,217.66822814941406,186.23741149902344,22.711166381835938,71.20064544677734,90.96796417236328,147.83013916015625,76.45036315917969,90.82173919677734,126.41979217529297
2024-08-01,45.216941833496094,97.66581726074219,219.19033813476562,185.86985778808594,23.21345329284668,74.62422180175781,89.08438110351562,155.30906677246094,81.02658081054688,92.93112182617188,129.979248046875
2024-09-01,44.80174255371094,99.96199035644531,224.59222412109375,199.03134155273438,24.87788963317871,79.01618194580078,85.6880874633789,152.16732788085938,81.50777435302734,95.0010757446289,133.91441345214844
2024-10-01,46.11511993408203,97.1397933959961,221.48757934570312,195.9781494140625,25.31277084350586,78.69486236572266,87.17308807373047,145.64453125,79.09766387939453,92.4647216796875,132.75216674804688
2024-11-01,50.93696975708008,101.0921859741211,232.93865966796875,221.2704620361328,27.450206756591797,81.66893768310547,94.00209045410156,146.18002319335938,82.15811157226562,93.84095001220703,142.83035278320312
2024-12-01,47.950599670410156,91.95228576660156,231.73277282714844,223.3109588623047,26.549711227416992,74.53903198242188,84.28996276855469,136.42213439941406,77.60692596435547,83.30636596679688,130.69882202148438
2025-01-01,51.28372573852539,94.46585845947266,230.40545654296875,231.53269958496094,27.28900146484375,77.33113098144531,86.96176147460938,146.303955078125,78.56385040283203,88.36876678466797,137.92633056640625
2025-02-01,51.99115753173828,98.04244995117188,225.1347198486328,215.36720275878906,28.223148345947266,78.66168975830078,90.29576110839844,148.35601806640625,82.64224243164062,88.33891296386719,135.91250610351562
2025-03-01,49.62973403930664,95.39238739013672,206.11810302734375,196.91798400878906,27.219438552856445,78.29429626464844,92.72679901123047,145.447265625,81.23966979980469,85.57209777832031,130.6686248779297
2025-04-01,47.720001220703125,92.0,198.0399932861328,190.32000732421875,25.709999084472656,78.33000183105469,81.23999786376953,135.72999572753906,81.7699966430664,81.4800033569336,126.19000244140625
