Date,Industrial Production Index
1919-01-31,
1919-02-28,4.87
1919-03-31,4.65
1919-04-30,4.52
1919-05-31,4.6
1919-06-30,4.62
1919-07-31,4.92
1919-08-31,5.21
1919-09-30,5.3
1919-10-31,5.19
1919-11-30,5.13
1919-12-31,5.05
1920-01-31,5.13
1920-02-29,5.62
1920-03-31,5.62
1920-04-30,5.51
1920-05-31,5.21
1920-06-30,5.35
1920-07-31,5.4
1920-08-31,5.27
1920-09-30,5.3
1920-10-31,5.11
1920-11-30,4.89
1920-12-31,4.49
1921-01-31,4.22
1921-02-28,3.98
1921-03-31,3.9
1921-04-30,3.79
1921-05-31,3.79
1921-06-30,3.9
1921-07-31,3.87
1921-08-31,3.84
1921-09-30,3.98
1921-10-31,4.01
1921-11-30,4.25
1921-12-31,4.19
1922-01-31,4.17
1922-02-28,4.33
1922-03-31,4.52
1922-04-30,4.76
1922-05-31,4.6
1922-06-30,4.84
1922-07-31,5.08
1922-08-31,5.08
1922-09-30,4.97
1922-10-31,5.24
1922-11-30,5.54
1922-12-31,5.78
1923-01-31,5.94
1923-02-28,5.81
1923-03-31,5.89
1923-04-30,6.08
1923-05-31,6.21
1923-06-30,6.29
1923-07-31,6.24
1923-08-31,6.18
1923-09-30,6.08
1923-10-31,5.94
1923-11-30,5.91
1923-12-31,5.91
1924-01-31,5.78
1924-02-29,5.91
1924-03-31,6.02
1924-04-30,5.91
1924-05-31,5.73
1924-06-30,5.48
1924-07-31,5.24
1924-08-31,5.16
1924-09-30,5.35
1924-10-31,5.54
1924-11-30,5.67
1924-12-31,5.78
1925-01-31,5.94
1925-02-28,6.13
1925-03-31,6.13
1925-04-30,6.13
1925-05-31,6.18
1925-06-30,6.16
1925-07-31,6.1
1925-08-31,6.26
1925-09-30,6.16
1925-10-31,6.08
1925-11-30,6.32
1925-12-31,6.45
1926-01-31,6.53
1926-02-28,6.42
1926-03-31,6.42
1926-04-30,6.51
1926-05-31,6.51
1926-06-30,6.45
1926-07-31,6.53
1926-08-31,6.56
1926-09-30,6.64
1926-10-31,6.75
1926-11-30,6.75
1926-12-31,6.72
1927-01-31,6.69
1927-02-28,6.67
1927-03-31,6.72
1927-04-30,6.8
1927-05-31,6.64
1927-06-30,6.69
1927-07-31,6.67
1927-08-31,6.59
1927-09-30,6.59
1927-10-31,6.48
1927-11-30,6.34
1927-12-31,6.34
1928-01-31,6.37
1928-02-29,6.51
1928-03-31,6.56
1928-04-30,6.61
1928-05-31,6.59
1928-06-30,6.67
1928-07-31,6.72
1928-08-31,6.8
1928-09-30,6.94
1928-10-31,6.99
1928-11-30,7.12
1928-12-31,7.26
1929-01-31,7.39
1929-02-28,7.5
1929-03-31,7.47
1929-04-30,7.5
1929-05-31,7.63
1929-06-30,7.77
1929-07-31,7.82
1929-08-31,7.93
1929-09-30,7.85
1929-10-31,7.8
1929-11-30,7.66
1929-12-31,7.28
1930-01-31,6.96
1930-02-28,6.96
1930-03-31,6.94
1930-04-30,6.83
1930-05-31,6.77
1930-06-30,6.67
1930-07-31,6.48
1930-08-31,6.18
1930-09-30,6.05
1930-10-31,5.94
1930-11-30,5.78
1930-12-31,5.64
1931-01-31,5.51
1931-02-28,5.48
1931-03-31,5.51
1931-04-30,5.62
1931-05-31,5.64
1931-06-30,5.56
1931-07-31,5.43
1931-08-31,5.35
1931-09-30,5.16
1931-10-31,4.92
1931-11-30,4.73
1931-12-31,4.68
1932-01-31,4.65
1932-02-29,4.52
1932-03-31,4.41
1932-04-30,4.35
1932-05-31,4.06
1932-06-30,3.92
1932-07-31,3.79
1932-08-31,3.68
1932-09-30,3.79
1932-10-31,4.03
1932-11-30,4.17
1932-12-31,4.17
1933-01-31,4.09
1933-02-28,4.01
1933-03-31,4.03
1933-04-30,3.79
1933-05-31,4.06
1933-06-30,4.73
1933-07-31,5.46
1933-08-31,5.97
1933-09-30,5.73
1933-10-31,5.4
1933-11-30,5.13
1933-12-31,4.84
1934-01-31,4.87
1934-02-28,5.03
1934-03-31,5.27
1934-04-30,5.51
1934-05-31,5.51
1934-06-30,5.62
1934-07-31,5.51
1934-08-31,5.13
1934-09-30,5.08
1934-10-31,4.78
1934-11-30,5.0
1934-12-31,5.05
1935-01-31,5.38
1935-02-28,5.81
1935-03-31,5.91
1935-04-30,5.89
1935-05-31,5.78
1935-06-30,5.78
1935-07-31,5.86
1935-08-31,5.86
1935-09-30,6.08
1935-10-31,6.24
1935-11-30,6.42
1935-12-31,6.56
1936-01-31,6.64
1936-02-29,6.53
1936-03-31,6.37
1936-04-30,6.45
1936-05-31,6.85
1936-06-30,6.99
1936-07-31,7.12
1936-08-31,7.26
1936-09-30,7.37
1936-10-31,7.5
1936-11-30,7.61
1936-12-31,7.82
1937-01-31,8.06
1937-02-28,8.04
1937-03-31,8.14
1937-04-30,8.33
1937-05-31,8.33
1937-06-30,8.36
1937-07-31,8.25
1937-08-31,8.31
1937-09-30,8.25
1937-10-31,7.98
1937-11-30,7.39
1937-12-31,6.67
1938-01-31,6.08
1938-02-28,5.94
1938-03-31,5.89
1938-04-30,5.89
1938-05-31,5.78
1938-06-30,5.64
1938-07-31,5.7
1938-08-31,6.02
1938-09-30,6.34
1938-10-31,6.53
1938-11-30,6.69
1938-12-31,6.96
1939-01-31,7.04
1939-02-28,7.04
1939-03-31,7.1
1939-04-30,7.12
1939-05-31,7.1
1939-06-30,7.07
1939-07-31,7.23
1939-08-31,7.45
1939-09-30,7.55
1939-10-31,8.01
1939-11-30,8.41
1939-12-31,8.63
1940-01-31,8.63
1940-02-29,8.52
1940-03-31,8.25
1940-04-30,8.06
1940-05-31,8.23
1940-06-30,8.47
1940-07-31,8.74
1940-08-31,8.84
1940-09-30,8.9
1940-10-31,9.09
1940-11-30,9.22
1940-12-31,9.44
1941-01-31,9.76
1941-02-28,10.0
1941-03-31,10.3
1941-04-30,10.62
1941-05-31,10.64
1941-06-30,11.13
1941-07-31,11.21
1941-08-31,11.34
1941-09-30,11.48
1941-10-31,11.48
1941-11-30,11.59
1941-12-31,11.64
1942-01-31,11.83
1942-02-28,12.07
1942-03-31,12.28
1942-04-30,12.42
1942-05-31,12.07
1942-06-30,12.1
1942-07-31,12.12
1942-08-31,12.42
1942-09-30,12.8
1942-10-31,13.09
1942-11-30,13.52
1942-12-31,13.84
1943-01-31,14.17
1943-02-28,14.3
1943-03-31,14.68
1943-04-30,14.78
1943-05-31,14.97
1943-06-30,15.08
1943-07-31,15.0
1943-08-31,15.46
1943-09-30,15.78
1943-10-31,16.18
1943-11-30,16.42
1943-12-31,16.64
1944-01-31,16.42
1944-02-29,16.61
1944-03-31,16.75
1944-04-30,16.72
1944-05-31,16.72
1944-06-30,16.61
1944-07-31,16.56
1944-08-31,16.53
1944-09-30,16.75
1944-10-31,16.64
1944-11-30,16.69
1944-12-31,16.56
1945-01-31,16.5
1945-02-28,16.34
1945-03-31,16.29
1945-04-30,16.18
1945-05-31,15.89
1945-06-30,15.46
1945-07-31,15.11
1945-08-31,14.76
1945-09-30,13.23
1945-10-31,12.04
1945-11-30,11.56
1945-12-31,11.99
1946-01-31,12.04
1946-02-28,11.37
1946-03-31,10.81
1946-04-30,11.94
1946-05-31,11.72
1946-06-30,11.29
1946-07-31,11.99
1946-08-31,12.39
1946-09-30,12.85
1946-10-31,13.09
1946-11-30,13.33
1946-12-31,13.41
1947-01-31,13.49
1947-02-28,13.66
1947-03-31,13.74
1947-04-30,13.82
1947-05-31,13.71
1947-06-30,13.76
1947-07-31,13.76
1947-08-31,13.68
1947-09-30,13.76
1947-10-31,13.87
1947-11-30,14.0
1947-12-31,14.19
1948-01-31,14.25
1948-02-29,14.33
1948-03-31,14.35
1948-04-30,14.19
1948-05-31,14.22
1948-06-30,14.46
1948-07-31,14.65
1948-08-31,14.65
1948-09-30,14.6
1948-10-31,14.49
1948-11-30,14.6
1948-12-31,14.41
1949-01-31,14.27
1949-02-28,14.14
1949-03-31,14.0
1949-04-30,13.74
1949-05-31,13.66
1949-06-30,13.47
1949-07-31,13.44
1949-08-31,13.41
1949-09-30,13.55
1949-10-31,13.68
1949-11-30,13.17
1949-12-31,13.52
1950-01-31,13.76
1950-02-28,14.0
1950-03-31,14.06
1950-04-30,14.52
1950-05-31,15.0
1950-06-30,15.35
1950-07-31,15.81
1950-08-31,16.32
1950-09-30,16.83
1950-10-31,16.72
1950-11-30,16.83
1950-12-31,16.8
1951-01-31,17.1
1951-02-28,17.15
1951-03-31,17.26
1951-04-30,17.34
1951-05-31,17.36
1951-06-30,17.31
1951-07-31,17.23
1951-08-31,16.96
1951-09-30,16.8
1951-10-31,16.91
1951-11-30,16.88
1951-12-31,17.02
1952-01-31,17.12
1952-02-29,17.31
1952-03-31,17.42
1952-04-30,17.47
1952-05-31,17.31
1952-06-30,17.15
1952-07-31,16.99
1952-08-31,16.72
1952-09-30,17.8
1952-10-31,18.44
1952-11-30,18.63
1952-12-31,19.0
1953-01-31,19.11
1953-02-28,19.17
1953-03-31,19.27
1953-04-30,19.43
1953-05-31,19.52
1953-06-30,19.62
1953-07-31,19.54
1953-08-31,19.78
1953-09-30,19.68
1953-10-31,19.27
1953-11-30,19.11
1953-12-31,18.66
1954-01-31,18.2
1954-02-28,18.06
1954-03-31,18.12
1954-04-30,18.01
1954-05-31,17.9
1954-06-30,18.01
1954-07-31,18.06
1954-08-31,18.09
1954-09-30,18.06
1954-10-31,18.09
1954-11-30,18.31
1954-12-31,18.6
1955-01-31,18.84
1955-02-28,19.27
1955-03-31,19.52
1955-04-30,19.97
1955-05-31,20.21
1955-06-30,20.54
1955-07-31,20.56
1955-08-31,20.73
1955-09-30,20.7
1955-10-31,20.83
1955-11-30,21.18
1955-12-31,21.24
1956-01-31,21.32
1956-02-29,21.45
1956-03-31,21.26
1956-04-30,21.26
1956-05-31,21.42
1956-06-30,21.24
1956-07-31,21.05
1956-08-31,20.4
1956-09-30,21.24
1956-10-31,21.72
1956-11-30,21.91
1956-12-31,21.72
1957-01-31,22.04
1957-02-28,21.96
1957-03-31,22.18
1957-04-30,22.15
1957-05-31,21.85
1957-06-30,21.77
1957-07-31,21.83
1957-08-31,21.96
1957-09-30,21.96
1957-10-31,21.77
1957-11-30,21.45
1957-12-31,20.94
1958-01-31,20.54
1958-02-28,20.16
1958-03-31,19.73
1958-04-30,19.49
1958-05-31,19.17
1958-06-30,19.35
1958-07-31,19.86
1958-08-31,20.16
1958-09-30,20.56
1958-10-31,20.75
1958-11-30,20.99
1958-12-31,21.61
1959-01-31,21.64
1959-02-28,21.96
1959-03-31,22.39
1959-04-30,22.71
1959-05-31,23.2
1959-06-30,23.55
1959-07-31,23.57
1959-08-31,23.01
1959-09-30,22.23
1959-10-31,22.2
1959-11-30,22.04
1959-12-31,22.18
1960-01-31,23.55
1960-02-29,24.17
1960-03-31,23.95
1960-04-30,23.74
1960-05-31,23.55
1960-06-30,23.52
1960-07-31,23.22
1960-08-31,23.14
1960-09-30,23.12
1960-10-31,22.88
1960-11-30,22.85
1960-12-31,22.53
1961-01-31,22.1
1961-02-28,22.12
1961-03-31,22.1
1961-04-30,22.23
1961-05-31,22.69
1961-06-30,23.04
1961-07-31,23.36
1961-08-31,23.63
1961-09-30,23.84
1961-10-31,23.82
1961-11-30,24.27
1961-12-31,24.65
1962-01-31,24.86
1962-02-28,24.65
1962-03-31,25.05
1962-04-30,25.19
1962-05-31,25.24
1962-06-30,25.21
1962-07-31,25.16
1962-08-31,25.4
1962-09-30,25.43
1962-10-31,25.59
1962-11-30,25.62
1962-12-31,25.72
1963-01-31,25.72
1963-02-28,25.91
1963-03-31,26.21
1963-04-30,26.37
1963-05-31,26.61
1963-06-30,26.93
1963-07-31,27.02
1963-08-31,26.91
1963-09-30,26.96
1963-10-31,27.23
1963-11-30,27.42
1963-12-31,27.55
1964-01-31,27.5
1964-02-29,27.74
1964-03-31,27.93
1964-04-30,27.93
1964-05-31,28.39
1964-06-30,28.55
1964-07-31,28.63
1964-08-31,28.82
1964-09-30,29.0
1964-10-31,29.11
1964-11-30,28.71
1964-12-31,29.6
1965-01-31,29.95
1965-02-28,30.27
1965-03-31,30.46
1965-04-30,30.86
1965-05-31,30.99
1965-06-30,31.24
1965-07-31,31.48
1965-08-31,31.77
1965-09-30,31.91
1965-10-31,31.99
1965-11-30,32.31
1965-12-31,32.45
1966-01-31,32.85
1966-02-28,33.17
1966-03-31,33.39
1966-04-30,33.84
1966-05-31,33.9
1966-06-30,34.22
1966-07-31,34.38
1966-08-31,34.57
1966-09-30,34.6
1966-10-31,34.92
1966-11-30,35.16
1966-12-31,34.92
1967-01-31,35.0
1967-02-28,35.16
1967-03-31,34.76
1967-04-30,34.57
1967-05-31,34.9
1967-06-30,34.59
1967-07-31,34.59
1967-08-31,34.51
1967-09-30,35.17
1967-10-31,35.11
1967-11-30,35.4
1967-12-31,35.9
1968-01-31,36.29
1968-02-29,36.25
1968-03-31,36.38
1968-04-30,36.49
1968-05-31,36.55
1968-06-30,36.96
1968-07-31,37.09
1968-08-31,37.04
1968-09-30,37.14
1968-10-31,37.28
1968-11-30,37.35
1968-12-31,37.84
1969-01-31,37.96
1969-02-28,38.19
1969-03-31,38.43
1969-04-30,38.73
1969-05-31,38.59
1969-06-30,38.44
1969-07-31,38.82
1969-08-31,39.02
1969-09-30,39.11
1969-10-31,39.11
1969-11-30,39.12
1969-12-31,38.75
1970-01-31,38.64
1970-02-28,37.93
1970-03-31,37.9
1970-04-30,37.85
1970-05-31,37.76
1970-06-30,37.71
1970-07-31,37.59
1970-08-31,37.68
1970-09-30,37.62
1970-10-31,37.36
1970-11-30,36.61
1970-12-31,36.39
1971-01-31,37.22
1971-02-28,37.51
1971-03-31,37.44
1971-04-30,37.4
1971-05-31,37.61
1971-06-30,37.8
1971-07-31,37.96
1971-08-31,37.85
1971-09-30,37.63
1971-10-31,38.24
1971-11-30,38.53
1971-12-31,38.69
1972-01-31,39.14
1972-02-29,40.07
1972-03-31,40.48
1972-04-30,40.76
1972-05-31,41.17
1972-06-30,41.17
1972-07-31,41.28
1972-08-31,41.24
1972-09-30,41.8
1972-10-31,42.13
1972-11-30,42.67
1972-12-31,43.18
1973-01-31,43.66
1973-02-28,43.98
1973-03-31,44.61
1973-04-30,44.63
1973-05-31,44.57
1973-06-30,44.86
1973-07-31,44.92
1973-08-31,45.08
1973-09-30,45.02
1973-10-31,45.38
1973-11-30,45.75
1973-12-31,45.95
1974-01-31,45.83
1974-02-28,45.52
1974-03-31,45.38
1974-04-30,45.38
1974-05-31,45.25
1974-06-30,45.61
1974-07-31,45.52
1974-08-31,45.61
1974-09-30,45.13
1974-10-31,45.14
1974-11-30,45.0
1974-12-31,43.51
1975-01-31,41.95
1975-02-28,41.37
1975-03-31,40.43
1975-04-30,39.98
1975-05-31,40.06
1975-06-30,39.94
1975-07-31,40.19
1975-08-31,40.61
1975-09-30,41.01
1975-10-31,41.54
1975-11-30,41.72
1975-12-31,41.78
1976-01-31,42.35
1976-02-29,42.91
1976-03-31,43.34
1976-04-30,43.43
1976-05-31,43.65
1976-06-30,43.83
1976-07-31,43.88
1976-08-31,44.12
1976-09-30,44.43
1976-10-31,44.57
1976-11-30,44.56
1976-12-31,45.25
1977-01-31,45.73
1977-02-28,45.42
1977-03-31,46.14
1977-04-30,46.72
1977-05-31,47.17
1977-06-30,47.54
1977-07-31,47.91
1977-08-31,47.97
1977-09-30,48.02
1977-10-31,48.21
1977-11-30,48.28
1977-12-31,48.38
1978-01-31,48.46
1978-02-28,47.75
1978-03-31,48.01
1978-04-30,48.94
1978-05-31,49.91
1978-06-30,50.15
1978-07-31,50.48
1978-08-31,50.44
1978-09-30,50.64
1978-10-31,50.76
1978-11-30,51.15
1978-12-31,51.55
1979-01-31,51.81
1979-02-28,51.52
1979-03-31,51.78
1979-04-30,51.94
1979-05-31,51.33
1979-06-30,51.78
1979-07-31,51.79
1979-08-31,51.7
1979-09-30,51.37
1979-10-31,51.36
1979-11-30,51.72
1979-12-31,51.63
1980-01-31,51.67
1980-02-29,51.94
1980-03-31,51.96
1980-04-30,51.75
1980-05-31,50.72
1980-06-30,49.48
1980-07-31,48.84
1980-08-31,48.49
1980-09-30,48.65
1980-10-31,49.46
1980-11-30,50.09
1980-12-31,50.92
1981-01-31,51.26
1981-02-28,50.93
1981-03-31,50.72
1981-04-30,50.98
1981-05-31,50.77
1981-06-30,51.06
1981-07-31,51.32
1981-08-31,51.66
1981-09-30,51.59
1981-10-31,51.34
1981-11-30,50.95
1981-12-31,50.35
1982-01-31,49.81
1982-02-28,48.79
1982-03-31,49.78
1982-04-30,49.45
1982-05-31,48.99
1982-06-30,48.67
1982-07-31,48.54
1982-08-31,48.38
1982-09-30,47.94
1982-10-31,47.81
1982-11-30,47.36
1982-12-31,47.21
1983-01-31,46.87
1983-02-28,47.74
1983-03-31,47.45
1983-04-30,47.84
1983-05-31,48.45
1983-06-30,48.75
1983-07-31,49.04
1983-08-31,49.77
1983-09-30,50.36
1983-10-31,51.09
1983-11-30,51.49
1983-12-31,51.72
1984-01-31,51.98
1984-02-29,53.01
1984-03-31,53.25
1984-04-30,53.5
1984-05-31,53.82
1984-06-30,54.11
1984-07-31,54.31
1984-08-31,54.46
1984-09-30,54.52
1984-10-31,54.37
1984-11-30,54.35
1984-12-31,54.53
1985-01-31,54.56
1985-02-28,54.53
1985-03-31,54.69
1985-04-30,54.77
1985-05-31,54.65
1985-06-30,54.74
1985-07-31,54.71
1985-08-31,54.44
1985-09-30,54.61
1985-10-31,54.81
1985-11-30,54.62
1985-12-31,54.81
1986-01-31,55.36
1986-02-28,55.65
1986-03-31,55.26
1986-04-30,54.87
1986-05-31,54.94
1986-06-30,55.04
1986-07-31,54.83
1986-08-31,55.17
1986-09-30,55.07
1986-10-31,55.22
1986-11-30,55.46
1986-12-31,55.68
1987-01-31,56.21
1987-02-28,55.99
1987-03-31,56.74
1987-04-30,56.81
1987-05-31,57.18
1987-06-30,57.54
1987-07-31,57.85
1987-08-31,58.24
1987-09-30,58.68
1987-10-31,58.91
1987-11-30,59.7
1987-12-31,60.0
1988-01-31,60.32
1988-02-29,60.31
1988-03-31,60.61
1988-04-30,60.75
1988-05-31,61.11
1988-06-30,60.98
1988-07-31,61.16
1988-08-31,61.17
1988-09-30,61.48
1988-10-31,61.28
1988-11-30,61.55
1988-12-31,61.7
1989-01-31,61.99
1989-02-28,62.17
1989-03-31,61.89
1989-04-30,62.05
1989-05-31,62.03
1989-06-30,61.69
1989-07-31,61.69
1989-08-31,61.09
1989-09-30,61.68
1989-10-31,61.48
1989-11-30,61.4
1989-12-31,61.61
1990-01-31,61.96
1990-02-28,61.64
1990-03-31,62.2
1990-04-30,62.49
1990-05-31,62.35
1990-06-30,62.54
1990-07-31,62.75
1990-08-31,62.64
1990-09-30,62.87
1990-10-31,62.88
1990-11-30,62.5
1990-12-31,61.72
1991-01-31,61.29
1991-02-28,61.08
1991-03-31,60.64
1991-04-30,60.3
1991-05-31,60.45
1991-06-30,61.06
1991-07-31,61.55
1991-08-31,61.72
1991-09-30,61.73
1991-10-31,62.24
1991-11-30,62.17
1991-12-31,62.09
1992-01-31,61.81
1992-02-29,61.48
1992-03-31,61.92
1992-04-30,62.44
1992-05-31,62.92
1992-06-30,63.13
1992-07-31,63.16
1992-08-31,63.73
1992-09-30,63.38
1992-10-31,63.58
1992-11-30,64.02
1992-12-31,64.26
1993-01-31,64.36
1993-02-28,64.61
1993-03-31,64.93
1993-04-30,64.86
1993-05-31,65.04
1993-06-30,64.8
1993-07-31,64.95
1993-08-31,65.11
1993-09-30,65.04
1993-10-31,65.37
1993-11-30,65.86
1993-12-31,66.17
1994-01-31,66.55
1994-02-28,66.76
1994-03-31,66.8
1994-04-30,67.47
1994-05-31,67.87
1994-06-30,68.19
1994-07-31,68.64
1994-08-31,68.73
1994-09-30,69.19
1994-10-31,69.39
1994-11-30,69.96
1994-12-31,70.43
1995-01-31,71.13
1995-02-28,71.26
1995-03-31,71.18
1995-04-30,71.28
1995-05-31,71.15
1995-06-30,71.5
1995-07-31,71.73
1995-08-31,71.43
1995-09-30,72.37
1995-10-31,72.65
1995-11-30,72.53
1995-12-31,72.72
1996-01-31,72.96
1996-02-29,72.57
1996-03-31,73.62
1996-04-30,73.51
1996-05-31,74.25
1996-06-30,74.81
1996-07-31,75.37
1996-08-31,75.37
1996-09-30,75.76
1996-10-31,76.23
1996-11-30,76.22
1996-12-31,76.9
1997-01-31,77.38
1997-02-28,77.51
1997-03-31,78.43
1997-04-30,78.92
1997-05-31,78.98
1997-06-30,79.43
1997-07-31,79.8
1997-08-31,80.47
1997-09-30,81.28
1997-10-31,82.03
1997-11-30,82.77
1997-12-31,83.43
1998-01-31,83.78
1998-02-28,84.16
1998-03-31,84.31
1998-04-30,84.34
1998-05-31,84.63
1998-06-30,85.19
1998-07-31,84.68
1998-08-31,84.34
1998-09-30,86.08
1998-10-31,86.0
1998-11-30,86.59
1998-12-31,86.51
1999-01-31,86.86
1999-02-28,87.22
1999-03-31,87.73
1999-04-30,87.91
1999-05-31,88.11
1999-06-30,88.65
1999-07-31,88.59
1999-08-31,89.11
1999-09-30,89.5
1999-10-31,89.13
1999-11-30,90.27
1999-12-31,90.75
2000-01-31,91.48
2000-02-29,91.41
2000-03-31,91.72
2000-04-30,92.08
2000-05-31,92.67
2000-06-30,92.93
2000-07-31,93.0
2000-08-31,92.84
2000-09-30,92.59
2000-10-31,92.98
2000-11-30,92.64
2000-12-31,92.66
2001-01-31,92.35
2001-02-28,91.89
2001-03-31,91.29
2001-04-30,91.06
2001-05-31,90.74
2001-06-30,90.26
2001-07-31,89.78
2001-08-31,89.24
2001-09-30,89.16
2001-10-31,88.67
2001-11-30,88.41
2001-12-31,87.89
2002-01-31,87.85
2002-02-28,88.46
2002-03-31,88.46
2002-04-30,89.13
2002-05-31,89.55
2002-06-30,89.93
2002-07-31,90.67
2002-08-31,90.64
2002-09-30,90.55
2002-10-31,90.64
2002-11-30,90.4
2002-12-31,90.89
2003-01-31,90.39
2003-02-28,91.14
2003-03-31,91.25
2003-04-30,91.0
2003-05-31,90.43
2003-06-30,90.4
2003-07-31,90.52
2003-08-31,90.99
2003-09-30,90.79
2003-10-31,91.38
2003-11-30,91.5
2003-12-31,92.13
2004-01-31,92.17
2004-02-29,92.33
2004-03-31,92.9
2004-04-30,92.54
2004-05-31,92.9
2004-06-30,93.58
2004-07-31,92.87
2004-08-31,93.55
2004-09-30,93.63
2004-10-31,93.74
2004-11-30,94.57
2004-12-31,94.8
2005-01-31,95.54
2005-02-28,95.88
2005-03-31,96.57
2005-04-30,96.43
2005-05-31,96.63
2005-06-30,96.73
2005-07-31,97.15
2005-08-31,96.84
2005-09-30,97.16
2005-10-31,95.28
2005-11-30,96.44
2005-12-31,97.5
2006-01-31,97.97
2006-02-28,98.13
2006-03-31,98.17
2006-04-30,98.39
2006-05-31,98.68
2006-06-30,98.71
2006-07-31,99.04
2006-08-31,98.98
2006-09-30,99.4
2006-10-31,99.22
2006-11-30,99.12
2006-12-31,99.1
2007-01-31,100.11
2007-02-28,99.75
2007-03-31,100.72
2007-04-30,100.9
2007-05-31,101.57
2007-06-30,101.63
2007-07-31,101.65
2007-08-31,101.5
2007-09-30,101.69
2007-10-31,101.94
2007-11-30,101.64
2007-12-31,102.22
2008-01-31,102.28
2008-02-29,102.15
2008-03-31,101.78
2008-04-30,101.45
2008-05-31,100.76
2008-06-30,100.13
2008-07-31,99.87
2008-08-31,99.42
2008-09-30,97.85
2008-10-31,93.56
2008-11-30,94.5
2008-12-31,93.26
2009-01-31,90.63
2009-02-28,88.37
2009-03-31,87.84
2009-04-30,86.47
2009-05-31,85.79
2009-06-30,84.94
2009-07-31,84.67
2009-08-31,85.69
2009-09-30,86.64
2009-10-31,87.38
2009-11-30,87.58
2009-12-31,87.94
2010-01-31,88.24
2010-02-28,89.19
2010-03-31,89.5
2010-04-30,90.14
2010-05-31,90.46
2010-06-30,91.7
2010-07-31,91.9
2010-08-31,92.25
2010-09-30,92.59
2010-10-31,92.85
2010-11-30,92.6
2010-12-31,92.67
2011-01-31,93.59
2011-02-28,93.39
2011-03-31,93.0
2011-04-30,93.97
2011-05-31,93.66
2011-06-30,93.77
2011-07-31,94.05
2011-08-31,94.5
2011-09-30,95.1
2011-10-31,95.02
2011-11-30,95.69
2011-12-31,95.68
2012-01-31,96.18
2012-02-29,96.76
2012-03-31,97.07
2012-04-30,96.56
2012-05-31,97.25
2012-06-30,97.46
2012-07-31,97.48
2012-08-31,97.67
2012-09-30,97.27
2012-10-31,97.22
2012-11-30,97.53
2012-12-31,97.91
2013-01-31,98.19
2013-02-28,98.17
2013-03-31,98.64
2013-04-30,99.05
2013-05-31,98.94
2013-06-30,99.04
2013-07-31,99.22
2013-08-31,98.9
2013-09-30,99.49
2013-10-31,100.02
2013-11-30,99.9
2013-12-31,100.16
2014-01-31,100.37
2014-02-28,99.99
2014-03-31,100.75
2014-04-30,101.74
2014-05-31,101.83
2014-06-30,102.24
2014-07-31,102.58
2014-08-31,102.8
2014-09-30,102.63
2014-10-31,102.94
2014-11-30,102.96
2014-12-31,103.6
2015-01-31,103.62
2015-02-28,102.79
2015-03-31,102.14
2015-04-30,101.79
2015-05-31,101.23
2015-06-30,100.77
2015-07-31,100.46
2015-08-31,101.09
2015-09-30,100.92
2015-10-31,100.63
2015-11-30,100.16
2015-12-31,99.44
2016-01-31,98.95
2016-02-29,99.44
2016-03-31,98.92
2016-04-30,98.16
2016-05-31,98.48
2016-06-30,98.25
2016-07-31,98.73
2016-08-31,98.85
2016-09-30,98.74
2016-10-31,98.66
2016-11-30,98.72
2016-12-31,98.34
2017-01-31,99.04
2017-02-28,98.82
2017-03-31,98.44
2017-04-30,99.05
2017-05-31,100.04
2017-06-30,100.13
2017-07-31,100.34
2017-08-31,100.09
2017-09-30,99.63
2017-10-31,99.75
2017-11-30,100.99
2017-12-31,101.25
2018-01-31,101.49
2018-02-28,101.49
2018-03-31,101.73
2018-04-30,102.19
2018-05-31,103.36
2018-06-30,102.38
2018-07-31,103.23
2018-08-31,103.36
2018-09-30,104.06
2018-10-31,104.1
2018-11-30,103.93
2018-12-31,104.01
2019-01-31,104.05
2019-02-28,103.36
2019-03-31,102.83
2019-04-30,102.84
2019-05-31,102.27
2019-06-30,102.42
2019-07-31,102.54
2019-08-31,102.01
2019-09-30,102.78
2019-10-31,102.46
2019-11-30,101.59
2019-12-31,102.15
2020-01-31,101.94
2020-02-29,101.34
2020-03-31,101.67
2020-04-30,97.61
2020-05-31,84.68
2020-06-30,86.01
2020-07-31,91.67
2020-08-31,95.0
2020-09-30,95.93
2020-10-31,95.89
2020-11-30,96.53
2020-12-31,96.95
2021-01-31,98.2
2021-02-28,98.81
2021-03-31,95.51
2021-04-30,98.19
2021-05-31,98.33
2021-06-30,99.19
2021-07-31,99.65
2021-08-31,100.07
2021-09-30,100.04
2021-10-31,99.0
2021-11-30,100.35
2021-12-31,101.27
2022-01-31,101.19
2022-02-28,101.21
2022-03-31,101.85
2022-04-30,102.67
2022-05-31,102.9
2022-06-30,102.97
2022-07-31,102.82
2022-08-31,103.05
2022-09-30,103.17
2022-10-31,103.53
2022-11-30,103.44
2022-12-31,103.11
2023-01-31,101.83
2023-02-28,102.75
2023-03-31,102.8
2023-04-30,102.81
2023-05-31,103.22
2023-06-30,102.98
2023-07-31,102.38
2023-08-31,103.07
2023-09-30,103.1
2023-10-31,103.31
2023-11-30,102.58
2023-12-31,102.89
2024-01-31,102.63
2024-02-29,101.48
2024-03-31,102.73
2024-04-30,102.52
2024-05-31,102.36
2024-06-30,102.98
2024-07-31,103.25
2024-08-31,102.52
2024-09-30,103.02
2024-10-31,102.6
2024-11-30,102.21
2024-12-31,101.96
2025-01-31,103.12
2025-02-28,103.34
2025-03-31,104.22
