Date,PPI (All Commodities)
1913-01-31,
1913-02-28,12.1
1913-03-31,12.0
1913-04-30,12.0
1913-05-31,12.0
1913-06-30,11.9
1913-07-31,11.9
1913-08-31,12.0
1913-09-30,12.0
1913-10-31,12.2
1913-11-30,12.2
1913-12-31,12.1
1914-01-31,11.9
1914-02-28,11.8
1914-03-31,11.8
1914-04-30,11.7
1914-05-31,11.7
1914-06-30,11.6
1914-07-31,11.6
1914-08-31,11.6
1914-09-30,12.0
1914-10-31,12.1
1914-11-30,11.7
1914-12-31,11.7
1915-01-31,11.6
1915-02-28,11.8
1915-03-31,11.8
1915-04-30,11.8
1915-05-31,11.8
1915-06-30,11.9
1915-07-31,11.8
1915-08-31,11.9
1915-09-30,11.8
1915-10-31,11.8
1915-11-30,12.1
1915-12-31,12.3
1916-01-31,12.8
1916-02-29,13.3
1916-03-31,13.5
1916-04-30,13.9
1916-05-31,14.1
1916-06-30,14.2
1916-07-31,14.3
1916-08-31,14.4
1916-09-30,14.7
1916-10-31,15.0
1916-11-30,15.7
1916-12-31,16.8
1917-01-31,17.1
1917-02-28,17.6
1917-03-31,18.0
1917-04-30,18.5
1917-05-31,19.7
1917-06-30,20.8
1917-07-31,21.0
1917-08-31,21.2
1917-09-30,21.5
1917-10-31,21.3
1917-11-30,21.1
1917-12-31,21.2
1918-01-31,21.2
1918-02-28,21.6
1918-03-31,21.1
1918-04-30,21.8
1918-05-31,22.1
1918-06-30,22.1
1918-07-31,22.2
1918-08-31,22.7
1918-09-30,23.2
1918-10-31,23.7
1918-11-30,23.5
1918-12-31,23.5
1919-01-31,23.5
1919-02-28,23.2
1919-03-31,22.4
1919-04-30,22.6
1919-05-31,22.9
1919-06-30,23.3
1919-07-31,23.4
1919-08-31,24.3
1919-09-30,24.9
1919-10-31,24.3
1919-11-30,24.4
1919-12-31,24.9
1920-01-31,26.0
1920-02-29,27.2
1920-03-31,27.1
1920-04-30,27.3
1920-05-31,28.5
1920-06-30,28.8
1920-07-31,28.7
1920-08-31,28.6
1920-09-30,27.8
1920-10-31,26.8
1920-11-30,24.9
1920-12-31,23.0
1921-01-31,20.8
1921-02-28,19.6
1921-03-31,18.1
1921-04-30,17.7
1921-05-31,17.0
1921-06-30,16.6
1921-07-31,16.1
1921-08-31,16.1
1921-09-30,16.1
1921-10-31,16.1
1921-11-30,16.2
1921-12-31,16.2
1922-01-31,16.0
1922-02-28,15.7
1922-03-31,16.0
1922-04-30,16.0
1922-05-31,16.1
1922-06-30,16.6
1922-07-31,16.6
1922-08-31,17.1
1922-09-30,17.0
1922-10-31,17.1
1922-11-30,17.2
1922-12-31,17.3
1923-01-31,17.3
1923-02-28,17.6
1923-03-31,17.8
1923-04-30,18.0
1923-05-31,17.9
1923-06-30,17.5
1923-07-31,17.3
1923-08-31,17.0
1923-09-30,16.9
1923-10-31,17.2
1923-11-30,17.1
1923-12-31,17.0
1924-01-31,16.9
1924-02-29,17.2
1924-03-31,17.2
1924-04-30,17.0
1924-05-31,16.7
1924-06-30,16.5
1924-07-31,16.4
1924-08-31,16.5
1924-09-30,16.7
1924-10-31,16.7
1924-11-30,16.9
1924-12-31,17.1
1925-01-31,17.5
1925-02-28,17.7
1925-03-31,17.9
1925-04-30,17.9
1925-05-31,17.5
1925-06-30,17.5
1925-07-31,17.7
1925-08-31,18.0
1925-09-30,17.9
1925-10-31,17.8
1925-11-30,17.8
1925-12-31,18.0
1926-01-31,17.8
1926-02-28,17.8
1926-03-31,17.6
1926-04-30,17.3
1926-05-31,17.3
1926-06-30,17.3
1926-07-31,17.3
1926-08-31,17.1
1926-09-30,17.1
1926-10-31,17.2
1926-11-30,17.1
1926-12-31,17.0
1927-01-31,16.9
1927-02-28,16.4
1927-03-31,16.6
1927-04-30,16.5
1927-05-31,16.3
1927-06-30,16.2
1927-07-31,16.2
1927-08-31,16.2
1927-09-30,16.4
1927-10-31,16.6
1927-11-30,16.7
1927-12-31,16.6
1928-01-31,16.6
1928-02-29,16.6
1928-03-31,16.5
1928-04-30,16.5
1928-05-31,16.7
1928-06-30,16.8
1928-07-31,16.7
1928-08-31,16.8
1928-09-30,16.8
1928-10-31,17.0
1928-11-30,16.7
1928-12-31,16.5
1929-01-31,16.5
1929-02-28,16.5
1929-03-31,16.4
1929-04-30,16.6
1929-05-31,16.5
1929-06-30,16.3
1929-07-31,16.4
1929-08-31,16.6
1929-09-30,16.6
1929-10-31,16.6
1929-11-30,16.4
1929-12-31,16.1
1930-01-31,16.1
1930-02-28,15.9
1930-03-31,15.7
1930-04-30,15.5
1930-05-31,15.5
1930-06-30,15.3
1930-07-31,15.0
1930-08-31,14.5
1930-09-30,14.5
1930-10-31,14.5
1930-11-30,14.3
1930-12-31,14.0
1931-01-31,13.7
1931-02-28,13.5
1931-03-31,13.2
1931-04-30,13.1
1931-05-31,12.9
1931-06-30,12.6
1931-07-31,12.4
1931-08-31,12.4
1931-09-30,12.4
1931-10-31,12.3
1931-11-30,12.1
1931-12-31,12.1
1932-01-31,11.8
1932-02-29,11.6
1932-03-31,11.4
1932-04-30,11.4
1932-05-31,11.3
1932-06-30,11.1
1932-07-31,11.0
1932-08-31,11.1
1932-09-30,11.2
1932-10-31,11.3
1932-11-30,11.1
1932-12-31,11.0
1933-01-31,10.8
1933-02-28,10.5
1933-03-31,10.3
1933-04-30,10.4
1933-05-31,10.4
1933-06-30,10.8
1933-07-31,11.2
1933-08-31,11.9
1933-09-30,12.0
1933-10-31,12.2
1933-11-30,12.3
1933-12-31,12.3
1934-01-31,12.2
1934-02-28,12.4
1934-03-31,12.7
1934-04-30,12.7
1934-05-31,12.7
1934-06-30,12.7
1934-07-31,12.9
1934-08-31,12.9
1934-09-30,13.2
1934-10-31,13.4
1934-11-30,13.2
1934-12-31,13.2
1935-01-31,13.3
1935-02-28,13.6
1935-03-31,13.7
1935-04-30,13.7
1935-05-31,13.8
1935-06-30,13.8
1935-07-31,13.8
1935-08-31,13.7
1935-09-30,13.9
1935-10-31,13.9
1935-11-30,13.9
1935-12-31,13.9
1936-01-31,14.0
1936-02-29,13.9
1936-03-31,13.9
1936-04-30,13.7
1936-05-31,13.7
1936-06-30,13.5
1936-07-31,13.7
1936-08-31,13.9
1936-09-30,14.0
1936-10-31,14.0
1936-11-30,14.0
1936-12-31,14.2
1937-01-31,14.5
1937-02-28,14.8
1937-03-31,14.9
1937-04-30,15.1
1937-05-31,15.2
1937-06-30,15.1
1937-07-31,15.0
1937-08-31,15.2
1937-09-30,15.1
1937-10-31,15.1
1937-11-30,14.7
1937-12-31,14.4
1938-01-31,14.1
1938-02-28,14.0
1938-03-31,13.8
1938-04-30,13.7
1938-05-31,13.5
1938-06-30,13.5
1938-07-31,13.5
1938-08-31,13.6
1938-09-30,13.4
1938-10-31,13.5
1938-11-30,13.4
1938-12-31,13.4
1939-01-31,13.3
1939-02-28,13.3
1939-03-31,13.3
1939-04-30,13.2
1939-05-31,13.1
1939-06-30,13.1
1939-07-31,13.0
1939-08-31,13.0
1939-09-30,12.9
1939-10-31,13.6
1939-11-30,13.7
1939-12-31,13.6
1940-01-31,13.7
1940-02-29,13.7
1940-03-31,13.6
1940-04-30,13.5
1940-05-31,13.5
1940-06-30,13.5
1940-07-31,13.4
1940-08-31,13.4
1940-09-30,13.4
1940-10-31,13.4
1940-11-30,13.6
1940-12-31,13.7
1941-01-31,13.8
1941-02-28,13.9
1941-03-31,13.9
1941-04-30,14.0
1941-05-31,14.4
1941-06-30,14.6
1941-07-31,15.0
1941-08-31,15.3
1941-09-30,15.6
1941-10-31,15.8
1941-11-30,15.9
1941-12-31,15.9
1942-01-31,16.2
1942-02-28,16.5
1942-03-31,16.7
1942-04-30,16.8
1942-05-31,17.0
1942-06-30,17.0
1942-07-31,17.0
1942-08-31,17.0
1942-09-30,17.1
1942-10-31,17.2
1942-11-30,17.2
1942-12-31,17.3
1943-01-31,17.4
1943-02-28,17.5
1943-03-31,17.7
1943-04-30,17.8
1943-05-31,17.9
1943-06-30,17.9
1943-07-31,17.9
1943-08-31,17.8
1943-09-30,17.8
1943-10-31,17.8
1943-11-30,17.8
1943-12-31,17.7
1944-01-31,17.8
1944-02-29,17.8
1944-03-31,17.8
1944-04-30,17.9
1944-05-31,17.9
1944-06-30,17.9
1944-07-31,18.0
1944-08-31,17.9
1944-09-30,17.9
1944-10-31,17.9
1944-11-30,17.9
1944-12-31,18.0
1945-01-31,18.0
1945-02-28,18.1
1945-03-31,18.1
1945-04-30,18.1
1945-05-31,18.2
1945-06-30,18.3
1945-07-31,18.3
1945-08-31,18.3
1945-09-30,18.2
1945-10-31,18.1
1945-11-30,18.2
1945-12-31,18.4
1946-01-31,18.4
1946-02-28,18.4
1946-03-31,18.5
1946-04-30,18.8
1946-05-31,19.0
1946-06-30,19.1
1946-07-31,19.4
1946-08-31,21.5
1946-09-30,22.2
1946-10-31,21.4
1946-11-30,23.1
1946-12-31,24.1
1947-01-31,24.3
1947-02-28,24.5
1947-03-31,24.7
1947-04-30,25.3
1947-05-31,25.1
1947-06-30,25.0
1947-07-31,25.0
1947-08-31,25.3
1947-09-30,25.6
1947-10-31,26.1
1947-11-30,26.4
1947-12-31,26.7
1948-01-31,27.2
1948-02-29,27.7
1948-03-31,27.2
1948-04-30,27.2
1948-05-31,27.4
1948-06-30,27.5
1948-07-31,27.7
1948-08-31,28.0
1948-09-30,28.2
1948-10-31,28.1
1948-11-30,27.8
1948-12-31,27.8
1949-01-31,27.6
1949-02-28,27.3
1949-03-31,26.8
1949-04-30,26.8
1949-05-31,26.5
1949-06-30,26.3
1949-07-31,26.0
1949-08-31,26.0
1949-09-30,26.0
1949-10-31,26.1
1949-11-30,26.0
1949-12-31,26.0
1950-01-31,25.9
1950-02-28,25.9
1950-03-31,26.1
1950-04-30,26.1
1950-05-31,26.1
1950-06-30,26.4
1950-07-31,26.6
1950-08-31,27.3
1950-09-30,27.9
1950-10-31,28.4
1950-11-30,28.6
1950-12-31,29.0
1951-01-31,29.7
1951-02-28,30.5
1951-03-31,30.9
1951-04-30,30.9
1951-05-31,30.8
1951-06-30,30.7
1951-07-31,30.5
1951-08-31,30.3
1951-09-30,30.1
1951-10-31,30.1
1951-11-30,30.1
1951-12-31,30.1
1952-01-31,30.1
1952-02-29,30.0
1952-03-31,29.8
1952-04-30,29.8
1952-05-31,29.6
1952-06-30,29.6
1952-07-31,29.5
1952-08-31,29.6
1952-09-30,29.8
1952-10-31,29.6
1952-11-30,29.5
1952-12-31,29.3
1953-01-31,29.1
1953-02-28,29.1
1953-03-31,29.1
1953-04-30,29.2
1953-05-31,29.0
1953-06-30,29.1
1953-07-31,29.0
1953-08-31,29.4
1953-09-30,29.3
1953-10-31,29.4
1953-11-30,29.2
1953-12-31,29.1
1954-01-31,29.2
1954-02-28,29.4
1954-03-31,29.3
1954-04-30,29.3
1954-05-31,29.4
1954-06-30,29.4
1954-07-31,29.2
1954-08-31,29.3
1954-09-30,29.3
1954-10-31,29.2
1954-11-30,29.1
1954-12-31,29.2
1955-01-31,29.0
1955-02-28,29.2
1955-03-31,29.3
1955-04-30,29.2
1955-05-31,29.3
1955-06-30,29.1
1955-07-31,29.3
1955-08-31,29.3
1955-09-30,29.4
1955-10-31,29.6
1955-11-30,29.6
1955-12-31,29.5
1956-01-31,29.5
1956-02-29,29.7
1956-03-31,29.8
1956-04-30,29.9
1956-05-31,30.1
1956-06-30,30.3
1956-07-31,30.3
1956-08-31,30.2
1956-09-30,30.4
1956-10-31,30.6
1956-11-30,30.6
1956-12-31,30.7
1957-01-31,30.8
1957-02-28,31.0
1957-03-31,31.0
1957-04-30,31.0
1957-05-31,31.1
1957-06-30,31.0
1957-07-31,31.1
1957-08-31,31.3
1957-09-30,31.4
1957-10-31,31.3
1957-11-30,31.2
1957-12-31,31.3
1958-01-31,31.4
1958-02-28,31.5
1958-03-31,31.5
1958-04-30,31.7
1958-05-31,31.6
1958-06-30,31.7
1958-07-31,31.6
1958-08-31,31.6
1958-09-30,31.6
1958-10-31,31.6
1958-11-30,31.5
1958-12-31,31.6
1959-01-31,31.6
1959-02-28,31.7
1959-03-31,31.7
1959-04-30,31.7
1959-05-31,31.8
1959-06-30,31.8
1959-07-31,31.7
1959-08-31,31.7
1959-09-30,31.6
1959-10-31,31.7
1959-11-30,31.6
1959-12-31,31.5
1960-01-31,31.5
1960-02-29,31.6
1960-03-31,31.6
1960-04-30,31.8
1960-05-31,31.8
1960-06-30,31.7
1960-07-31,31.7
1960-08-31,31.7
1960-09-30,31.6
1960-10-31,31.6
1960-11-30,31.7
1960-12-31,31.7
1961-01-31,31.7
1961-02-28,31.8
1961-03-31,31.8
1961-04-30,31.8
1961-05-31,31.6
1961-06-30,31.5
1961-07-31,31.3
1961-08-31,31.5
1961-09-30,31.5
1961-10-31,31.5
1961-11-30,31.5
1961-12-31,31.5
1962-01-31,31.6
1962-02-28,31.7
1962-03-31,31.7
1962-04-30,31.7
1962-05-31,31.6
1962-06-30,31.5
1962-07-31,31.5
1962-08-31,31.6
1962-09-30,31.6
1962-10-31,31.9
1962-11-30,31.7
1962-12-31,31.7
1963-01-31,31.6
1963-02-28,31.6
1963-03-31,31.5
1963-04-30,31.5
1963-05-31,31.4
1963-06-30,31.5
1963-07-31,31.6
1963-08-31,31.7
1963-09-30,31.6
1963-10-31,31.6
1963-11-30,31.6
1963-12-31,31.7
1964-01-31,31.6
1964-02-29,31.8
1964-03-31,31.6
1964-04-30,31.6
1964-05-31,31.6
1964-06-30,31.5
1964-07-31,31.5
1964-08-31,31.6
1964-09-30,31.6
1964-10-31,31.7
1964-11-30,31.7
1964-12-31,31.7
1965-01-31,31.7
1965-02-28,31.8
1965-03-31,31.9
1965-04-30,31.9
1965-05-31,32.0
1965-06-30,32.1
1965-07-31,32.4
1965-08-31,32.4
1965-09-30,32.4
1965-10-31,32.4
1965-11-30,32.5
1965-12-31,32.6
1966-01-31,32.8
1966-02-28,32.9
1966-03-31,33.2
1966-04-30,33.2
1966-05-31,33.2
1966-06-30,33.2
1966-07-31,33.3
1966-08-31,33.5
1966-09-30,33.6
1966-10-31,33.6
1966-11-30,33.4
1966-12-31,33.3
1967-01-31,33.3
1967-02-28,33.4
1967-03-31,33.4
1967-04-30,33.3
1967-05-31,33.1
1967-06-30,33.3
1967-07-31,33.5
1967-08-31,33.5
1967-09-30,33.4
1967-10-31,33.4
1967-11-30,33.4
1967-12-31,33.4
1968-01-31,33.7
1968-02-29,33.8
1968-03-31,34.0
1968-04-30,34.1
1968-05-31,34.1
1968-06-30,34.2
1968-07-31,34.2
1968-08-31,34.3
1968-09-30,34.2
1968-10-31,34.4
1968-11-30,34.4
1968-12-31,34.5
1969-01-31,34.6
1969-02-28,34.8
1969-03-31,35.0
1969-04-30,35.2
1969-05-31,35.3
1969-06-30,35.5
1969-07-31,35.7
1969-08-31,35.8
1969-09-30,35.7
1969-10-31,35.8
1969-11-30,35.9
1969-12-31,36.1
1970-01-31,36.3
1970-02-28,36.5
1970-03-31,36.7
1970-04-30,36.7
1970-05-31,36.8
1970-06-30,36.8
1970-07-31,36.9
1970-08-31,37.1
1970-09-30,36.9
1970-10-31,37.1
1970-11-30,37.1
1970-12-31,37.1
1971-01-31,37.1
1971-02-28,37.3
1971-03-31,37.7
1971-04-30,37.8
1971-05-31,37.9
1971-06-30,38.1
1971-07-31,38.2
1971-08-31,38.3
1971-09-30,38.5
1971-10-31,38.3
1971-11-30,38.3
1971-12-31,38.3
1972-01-31,38.6
1972-02-29,38.8
1972-03-31,39.2
1972-04-30,39.2
1972-05-31,39.3
1972-06-30,39.5
1972-07-31,39.7
1972-08-31,40.0
1972-09-30,40.1
1972-10-31,40.2
1972-11-30,40.1
1972-12-31,40.3
1973-01-31,41.1
1973-02-28,41.6
1973-03-31,42.4
1973-04-30,43.4
1973-05-31,43.6
1973-06-30,44.5
1973-07-31,45.5
1973-08-31,44.9
1973-09-30,47.5
1973-10-31,46.7
1973-11-30,46.3
1973-12-31,46.5
1974-01-31,47.4
1974-02-28,49.0
1974-03-31,50.0
1974-04-30,50.6
1974-05-31,51.0
1974-06-30,51.8
1974-07-31,52.0
1974-08-31,54.0
1974-09-30,55.9
1974-10-31,55.9
1974-11-30,56.9
1974-12-31,57.4
1975-01-31,57.3
1975-02-28,57.4
1975-03-31,57.2
1975-04-30,56.9
1975-05-31,57.5
1975-06-30,57.9
1975-07-31,58.0
1975-08-31,58.7
1975-09-30,59.0
1975-10-31,59.4
1975-11-30,59.8
1975-12-31,59.5
1976-01-31,59.7
1976-02-29,59.9
1976-03-31,59.9
1976-04-30,60.0
1976-05-31,60.6
1976-06-30,60.8
1976-07-31,61.2
1976-08-31,61.6
1976-09-30,61.4
1976-10-31,61.8
1976-11-30,61.9
1976-12-31,62.0
1977-01-31,62.5
1977-02-28,62.8
1977-03-31,63.5
1977-04-30,64.1
1977-05-31,64.9
1977-06-30,65.2
1977-07-31,65.0
1977-08-31,65.1
1977-09-30,65.0
1977-10-31,65.3
1977-11-30,65.6
1977-12-31,65.8
1978-01-31,66.2
1978-02-28,66.8
1978-03-31,67.5
1978-04-30,68.1
1978-05-31,69.0
1978-06-30,69.5
1978-07-31,70.0
1978-08-31,70.4
1978-09-30,70.4
1978-10-31,71.0
1978-11-30,71.8
1978-12-31,72.1
1979-01-31,72.7
1979-02-28,73.8
1979-03-31,74.9
1979-04-30,75.8
1979-05-31,76.9
1979-06-30,77.5
1979-07-31,78.0
1979-08-31,79.2
1979-09-30,79.6
1979-10-31,80.9
1979-11-30,82.1
1979-12-31,82.6
1980-01-31,83.4
1980-02-29,85.2
1980-03-31,86.9
1980-04-30,87.5
1980-05-31,87.8
1980-06-30,88.3
1980-07-31,88.7
1980-08-31,90.3
1980-09-30,91.5
1980-10-31,91.7
1980-11-30,92.8
1980-12-31,93.2
1981-01-31,93.8
1981-02-28,95.2
1981-03-31,96.1
1981-04-30,97.0
1981-05-31,98.0
1981-06-30,98.3
1981-07-31,98.5
1981-08-31,99.0
1981-09-30,99.0
1981-10-31,98.8
1981-11-30,98.9
1981-12-31,98.8
1982-01-31,98.8
1982-02-28,99.7
1982-03-31,99.8
1982-04-30,99.6
1982-05-31,99.6
1982-06-30,99.8
1982-07-31,100.0
1982-08-31,100.4
1982-09-30,100.3
1982-10-31,100.0
1982-11-30,100.2
1982-12-31,100.3
1983-01-31,100.5
1983-02-28,100.2
1983-03-31,100.5
1983-04-30,100.4
1983-05-31,100.4
1983-06-30,100.8
1983-07-31,101.0
1983-08-31,101.3
1983-09-30,101.8
1983-10-31,102.0
1983-11-30,102.2
1983-12-31,102.1
1984-01-31,102.3
1984-02-29,102.9
1984-03-31,103.2
1984-04-30,103.9
1984-05-31,104.0
1984-06-30,104.1
1984-07-31,104.0
1984-08-31,104.2
1984-09-30,103.8
1984-10-31,103.4
1984-11-30,103.4
1984-12-31,103.7
1985-01-31,103.5
1985-02-28,103.4
1985-03-31,103.3
1985-04-30,103.1
1985-05-31,103.3
1985-06-30,103.5
1985-07-31,103.3
1985-08-31,103.2
1985-09-30,102.7
1985-10-31,102.1
1985-11-30,102.9
1985-12-31,103.4
1986-01-31,103.6
1986-02-28,103.2
1986-03-31,101.7
1986-04-30,100.3
1986-05-31,99.6
1986-06-30,100.0
1986-07-31,99.9
1986-08-31,99.4
1986-09-30,99.3
1986-10-31,99.4
1986-11-30,99.7
1986-12-31,99.8
1987-01-31,99.7
1987-02-28,100.5
1987-03-31,101.0
1987-04-30,101.2
1987-05-31,101.9
1987-06-30,102.6
1987-07-31,103.0
1987-08-31,103.5
1987-09-30,103.8
1987-10-31,103.7
1987-11-30,104.1
1987-12-31,104.2
1988-01-31,104.2
1988-02-29,104.6
1988-03-31,104.8
1988-04-30,104.9
1988-05-31,105.8
1988-06-30,106.5
1988-07-31,107.2
1988-08-31,107.9
1988-09-30,108.0
1988-10-31,108.1
1988-11-30,108.2
1988-12-31,108.3
1989-01-31,109.0
1989-02-28,110.5
1989-03-31,110.8
1989-04-30,111.5
1989-05-31,112.3
1989-06-30,113.2
1989-07-31,112.9
1989-08-31,112.8
1989-09-30,112.0
1989-10-31,112.4
1989-11-30,112.8
1989-12-31,112.7
1990-01-31,113.0
1990-02-28,114.9
1990-03-31,114.4
1990-04-30,114.2
1990-05-31,114.1
1990-06-30,114.6
1990-07-31,114.3
1990-08-31,114.5
1990-09-30,116.5
1990-10-31,118.4
1990-11-30,120.8
1990-12-31,120.1
1991-01-31,118.7
1991-02-28,119.0
1991-03-31,117.2
1991-04-30,116.2
1991-05-31,116.0
1991-06-30,116.5
1991-07-31,116.4
1991-08-31,116.1
1991-09-30,116.2
1991-10-31,116.1
1991-11-30,116.4
1991-12-31,116.4
1992-01-31,115.9
1992-02-29,115.6
1992-03-31,116.0
1992-04-30,116.1
1992-05-31,116.3
1992-06-30,117.2
1992-07-31,118.0
1992-08-31,117.9
1992-09-30,117.7
1992-10-31,118.0
1992-11-30,118.1
1992-12-31,117.8
1993-01-31,117.6
1993-02-28,118.0
1993-03-31,118.4
1993-04-30,118.7
1993-05-31,119.3
1993-06-30,119.7
1993-07-31,119.5
1993-08-31,119.2
1993-09-30,118.7
1993-10-31,118.7
1993-11-30,119.1
1993-12-31,119.0
1994-01-31,118.6
1994-02-28,119.1
1994-03-31,119.3
1994-04-30,119.7
1994-05-31,119.7
1994-06-30,119.9
1994-07-31,120.5
1994-08-31,120.7
1994-09-30,121.2
1994-10-31,121.0
1994-11-30,120.9
1994-12-31,121.5
1995-01-31,121.9
1995-02-28,122.9
1995-03-31,123.5
1995-04-30,123.9
1995-05-31,124.6
1995-06-30,124.9
1995-07-31,125.3
1995-08-31,125.3
1995-09-30,125.1
1995-10-31,125.2
1995-11-30,125.3
1995-12-31,125.4
1996-01-31,125.7
1996-02-29,126.3
1996-03-31,126.2
1996-04-30,126.4
1996-05-31,127.4
1996-06-30,128.1
1996-07-31,128.0
1996-08-31,128.0
1996-09-30,128.3
1996-10-31,128.2
1996-11-30,128.0
1996-12-31,128.2
1997-01-31,129.1
1997-02-28,129.7
1997-03-31,128.5
1997-04-30,127.3
1997-05-31,127.0
1997-06-30,127.4
1997-07-31,127.2
1997-08-31,126.9
1997-09-30,127.2
1997-10-31,127.5
1997-11-30,127.8
1997-12-31,127.9
1998-01-31,126.8
1998-02-28,125.4
1998-03-31,125.0
1998-04-30,124.7
1998-05-31,124.9
1998-06-30,125.1
1998-07-31,124.8
1998-08-31,124.9
1998-09-30,124.2
1998-10-31,123.8
1998-11-30,124.0
1998-12-31,123.6
1999-01-31,122.8
1999-02-28,122.9
1999-03-31,122.3
1999-04-30,122.6
1999-05-31,123.6
1999-06-30,124.7
1999-07-31,125.2
1999-08-31,125.7
1999-09-30,126.9
1999-10-31,128.0
1999-11-30,127.7
1999-12-31,128.3
2000-01-31,127.8
2000-02-29,128.3
2000-03-31,129.8
2000-04-30,130.8
2000-05-31,130.7
2000-06-30,131.6
2000-07-31,133.8
2000-08-31,133.7
2000-09-30,132.9
2000-10-31,134.7
2000-11-30,135.4
2000-12-31,135.0
2001-01-31,136.2
2001-02-28,140.0
2001-03-31,137.4
2001-04-30,135.9
2001-05-31,136.4
2001-06-30,136.8
2001-07-31,135.5
2001-08-31,133.4
2001-09-30,133.4
2001-10-31,133.3
2001-11-30,130.3
2001-12-31,129.8
2002-01-31,128.1
2002-02-28,128.5
2002-03-31,128.4
2002-04-30,129.8
2002-05-31,130.8
2002-06-30,130.8
2002-07-31,130.9
2002-08-31,131.2
2002-09-30,131.5
2002-10-31,132.3
2002-11-30,133.2
2002-12-31,133.1
2003-01-31,132.9
2003-02-28,135.3
2003-03-31,137.6
2003-04-30,141.2
2003-05-31,136.8
2003-06-30,136.7
2003-07-31,138.0
2003-08-31,137.7
2003-09-30,138.0
2003-10-31,138.5
2003-11-30,139.3
2003-12-31,138.9
2004-01-31,139.5
2004-02-29,141.4
2004-03-31,142.1
2004-04-30,143.1
2004-05-31,144.8
2004-06-30,146.8
2004-07-31,147.2
2004-08-31,147.4
2004-09-30,148.0
2004-10-31,147.7
2004-11-30,150.0
2004-12-31,151.4
2005-01-31,150.2
2005-02-28,150.9
2005-03-31,151.6
2005-04-30,153.7
2005-05-31,155.0
2005-06-30,154.3
2005-07-31,154.3
2005-08-31,156.3
2005-09-30,157.6
2005-10-31,162.2
2005-11-30,166.2
2005-12-31,163.7
2006-01-31,163.0
2006-02-28,164.3
2006-03-31,161.8
2006-04-30,162.2
2006-05-31,164.3
2006-06-30,165.8
2006-07-31,166.1
2006-08-31,166.8
2006-09-30,167.9
2006-10-31,165.4
2006-11-30,162.2
2006-12-31,164.6
2007-01-31,165.6
2007-02-28,164.0
2007-03-31,166.8
2007-04-30,169.3
2007-05-31,171.4
2007-06-30,173.3
2007-07-31,173.8
2007-08-31,175.1
2007-09-30,172.4
2007-10-31,173.5
2007-11-30,174.7
2007-12-31,179.0
2008-01-31,178.6
2008-02-29,181.0
2008-03-31,182.7
2008-04-30,187.9
2008-05-31,190.9
2008-06-30,196.6
2008-07-31,200.5
2008-08-31,205.5
2008-09-30,199.0
2008-10-31,196.9
2008-11-30,186.4
2008-12-31,176.8
2009-01-31,170.9
2009-02-28,171.2
2009-03-31,169.3
2009-04-30,168.1
2009-05-31,169.1
2009-06-30,170.8
2009-07-31,174.1
2009-08-31,172.5
2009-09-30,175.0
2009-10-31,174.1
2009-11-30,175.2
2009-12-31,177.4
2010-01-31,178.1
2010-02-28,181.9
2010-03-31,181.0
2010-04-30,183.3
2010-05-31,184.4
2010-06-30,184.8
2010-07-31,183.5
2010-08-31,184.1
2010-09-30,184.9
2010-10-31,184.9
2010-11-30,186.6
2010-12-31,187.7
2011-01-31,189.7
2011-02-28,192.7
2011-03-31,195.8
2011-04-30,199.2
2011-05-31,203.1
2011-06-30,204.1
2011-07-31,203.9
2011-08-31,204.6
2011-09-30,203.2
2011-10-31,203.7
2011-11-30,201.1
2011-12-31,201.4
2012-01-31,199.8
2012-02-29,200.7
2012-03-31,201.6
2012-04-30,204.2
2012-05-31,203.7
2012-06-30,201.9
2012-07-31,199.8
2012-08-31,200.1
2012-09-30,202.7
2012-10-31,204.4
2012-11-30,203.5
2012-12-31,201.8
2013-01-31,201.5
2013-02-28,202.5
2013-03-31,204.3
2013-04-30,204.0
2013-05-31,203.5
2013-06-30,204.1
2013-07-31,204.3
2013-08-31,204.4
2013-09-30,204.2
2013-10-31,203.9
2013-11-30,202.5
2013-12-31,201.2
2014-01-31,202.0
2014-02-28,203.8
2014-03-31,205.7
2014-04-30,207.0
2014-05-31,208.3
2014-06-30,208.0
2014-07-31,208.3
2014-08-31,208.0
2014-09-30,207.0
2014-10-31,206.4
2014-11-30,203.4
2014-12-31,200.9
2015-01-31,197.0
2015-02-28,192.0
2015-03-31,191.1
2015-04-30,191.5
2015-05-31,190.9
2015-06-30,193.4
2015-07-31,194.8
2015-08-31,193.9
2015-09-30,191.9
2015-10-31,189.1
2015-11-30,187.5
2015-12-31,185.7
2016-01-31,183.5
2016-02-29,182.6
2016-03-31,181.3
2016-04-30,182.1
2016-05-31,183.2
2016-06-30,185.3
2016-07-31,187.6
2016-08-31,187.7
2016-09-30,186.6
2016-10-31,186.9
2016-11-30,186.7
2016-12-31,186.3
2017-01-31,188.2
2017-02-28,190.7
2017-03-31,191.6
2017-04-30,191.5
2017-05-31,193.0
2017-06-30,192.8
2017-07-31,193.6
2017-08-31,193.5
2017-09-30,193.8
2017-10-31,194.8
2017-11-30,194.9
2017-12-31,195.9
2018-01-31,196.3
2018-02-28,197.9
2018-03-31,199.3
2018-04-30,199.3
2018-05-31,200.3
2018-06-30,203.2
2018-07-31,204.2
2018-08-31,204.3
2018-09-30,203.4
2018-10-31,203.6
2018-11-30,204.6
2018-12-31,202.3
2019-01-31,201.0
2019-02-28,199.1
2019-03-31,199.2
2019-04-30,200.8
2019-05-31,202.1
2019-06-30,201.7
2019-07-31,200.3
2019-08-31,200.7
2019-09-30,199.2
2019-10-31,198.4
2019-11-30,198.6
2019-12-31,199.0
2020-01-31,199.0
2020-02-29,199.3
2020-03-31,196.7
2020-04-30,193.1
2020-05-31,185.5
2020-06-30,188.6
2020-07-31,191.2
2020-08-31,193.0
2020-09-30,194.3
2020-10-31,195.5
2020-11-30,196.5
2020-12-31,198.3
2021-01-31,200.5
2021-02-28,204.8
2021-03-31,210.6
2021-04-30,215.0
2021-05-31,217.9
2021-06-30,224.9
2021-07-31,228.9
2021-08-31,231.85
2021-09-30,233.42
2021-10-31,235.68
2021-11-30,240.46
2021-12-31,243.29
2022-01-31,241.34
2022-02-28,246.45
2022-03-31,252.66
2022-04-30,260.01
2022-05-31,265.31
2022-06-30,273.25
2022-07-31,280.25
2022-08-31,272.27
2022-09-30,269.55
2022-10-31,267.9
2022-11-30,265.06
2022-12-31,263.16
2023-01-31,257.9
2023-02-28,260.23
2023-03-31,258.67
2023-04-30,257.06
2023-05-31,256.91
2023-06-30,253.67
2023-07-31,253.86
2023-08-31,253.84
2023-09-30,257.68
2023-10-31,258.93
2023-11-30,255.19
2023-12-31,252.86
2024-01-31,249.87
2024-02-29,251.31
2024-03-31,254.93
2024-04-30,255.1
2024-05-31,256.98
2024-06-30,255.31
2024-07-31,255.91
2024-08-31,257.32
2024-09-30,255.46
2024-10-31,252.68
2024-11-30,253.08
2024-12-31,253.21
2025-01-31,253.43
2025-02-28,257.39
2025-03-31,259.8
