Date,Retail Sales (Ex Auto)
1992-01-31,
1992-02-29,146925.0
1992-03-31,147223.0
1992-04-30,146805.0
1992-05-31,148032.0
1992-06-30,149010.0
1992-07-31,149800.0
1992-08-31,150761.0
1992-09-30,151067.0
1992-10-31,152588.0
1992-11-30,153521.0
1992-12-31,153583.0
1993-01-31,155614.0
1993-02-28,157555.0
1993-03-31,156266.0
1993-04-30,154752.0
1993-05-31,158979.0
1993-06-30,160605.0
1993-07-31,160127.0
1993-08-31,162816.0
1993-09-30,162506.0
1993-10-31,163258.0
1993-11-30,164685.0
1993-12-31,166594.0
1994-01-31,168161.0
1994-02-28,167518.0
1994-03-31,169649.0
1994-04-30,172766.0
1994-05-31,173106.0
1994-06-30,172329.0
1994-07-31,174241.0
1994-08-31,174781.0
1994-09-30,177295.0
1994-10-31,178787.0
1994-11-30,180561.0
1994-12-31,180703.0
1995-01-31,181524.0
1995-02-28,182413.0
1995-03-31,179488.0
1995-04-30,181013.0
1995-05-31,181686.0
1995-06-30,183536.0
1995-07-31,186081.0
1995-08-31,185431.0
1995-09-30,186806.0
1995-10-31,187366.0
1995-11-30,186565.0
1995-12-31,189055.0
1996-01-31,190774.0
1996-02-29,189135.0
1996-03-31,192266.0
1996-04-30,194029.0
1996-05-31,194744.0
1996-06-30,196205.0
1996-07-31,196136.0
1996-08-31,196187.0
1996-09-30,196218.0
1996-10-31,198859.0
1996-11-30,200509.0
1996-12-31,200174.0
1997-01-31,201284.0
1997-02-28,202371.0
1997-03-31,204286.0
1997-04-30,204990.0
1997-05-31,203399.0
1997-06-30,201699.0
1997-07-31,204675.0
1997-08-31,207014.0
1997-09-30,207635.0
1997-10-31,208326.0
1997-11-30,208078.0
1997-12-31,208936.0
1998-01-31,209363.0
1998-02-28,209666.0
1998-03-31,209552.0
1998-04-30,210832.0
1998-05-31,213633.0
1998-06-30,214639.0
1998-07-31,216337.0
1998-08-31,214841.0
1998-09-30,213636.0
1998-10-31,215720.0
1998-11-30,219483.0
1998-12-31,221134.0
1999-01-31,223179.0
1999-02-28,223997.0
1999-03-31,226250.0
1999-04-30,227417.0
1999-05-31,229037.0
1999-06-30,231235.0
1999-07-31,231903.0
1999-08-31,233948.0
1999-09-30,236566.0
1999-10-31,237481.0
1999-11-30,237553.0
1999-12-31,240544.0
2000-01-31,245485.0
2000-02-29,243436.0
2000-03-31,247133.0
2000-04-30,249825.0
2000-05-31,245831.0
2000-06-30,246201.0
2000-07-31,248160.0
2000-08-31,247176.0
2000-09-30,247576.0
2000-10-31,251837.0
2000-11-30,251221.0
2000-12-31,250331.0
2001-01-31,250658.0
2001-02-28,252654.0
2001-03-31,252704.0
2001-04-30,250328.0
2001-05-31,254763.0
2001-06-30,255218.0
2001-07-31,254022.0
2001-08-31,252997.0
2001-09-30,254560.0
2001-10-31,249845.0
2001-11-30,267999.0
2001-12-31,260514.0
2002-01-31,256549.0
2002-02-28,256307.0
2002-03-31,257670.0
2002-04-30,257059.0
2002-05-31,261333.0
2002-06-30,257573.0
2002-07-31,259786.0
2002-08-31,262769.0
2002-09-30,265043.0
2002-10-31,260626.0
2002-11-30,261953.0
2002-12-31,263568.0
2003-01-31,265930.0
2003-02-28,267230.0
2003-03-31,263188.0
2003-04-30,267820.0
2003-05-31,267197.0
2003-06-30,267362.0
2003-07-31,270396.0
2003-08-31,273352.0
2003-09-30,277965.0
2003-10-31,276430.0
2003-11-30,274764.0
2003-12-31,278298.0
2004-01-31,277612.0
2004-02-29,278913.0
2004-03-31,280932.0
2004-04-30,286209.0
2004-05-31,282952.0
2004-06-30,288252.0
2004-07-31,284133.0
2004-08-31,287358.0
2004-09-30,287941.0
2004-10-31,293139.0
2004-11-30,295115.0
2004-12-31,296177.0
2005-01-31,299763.0
2005-02-28,296696.0
2005-03-31,300557.0
2005-04-30,301308.0
2005-05-31,303760.0
2005-06-30,301776.0
2005-07-31,310989.0
2005-08-31,313520.0
2005-09-30,310046.0
2005-10-31,310673.0
2005-11-30,310479.0
2005-12-31,313303.0
2006-01-31,313473.0
2006-02-28,322348.0
2006-03-31,320171.0
2006-04-30,320869.0
2006-05-31,322561.0
2006-06-30,321794.0
2006-07-31,323184.0
2006-08-31,324204.0
2006-09-30,325324.0
2006-10-31,323236.0
2006-11-30,322678.0
2006-12-31,323343.0
2007-01-31,326849.0
2007-02-28,327181.0
2007-03-31,327953.0
2007-04-30,330579.0
2007-05-31,329560.0
2007-06-30,334202.0
2007-07-31,331076.0
2007-08-31,332342.0
2007-09-30,334169.0
2007-10-31,335442.0
2007-11-30,337530.0
2007-12-31,341133.0
2008-01-31,336189.0
2008-02-29,337412.0
2008-03-31,334584.0
2008-04-30,335193.0
2008-05-31,334843.0
2008-06-30,337947.0
2008-07-31,338311.0
2008-08-31,336771.0
2008-09-30,334045.0
2008-10-31,328343.0
2008-11-30,314830.0
2008-12-31,301332.0
2009-01-31,294025.0
2009-02-28,298673.0
2009-03-31,297631.0
2009-04-30,292300.0
2009-05-31,293614.0
2009-06-30,296501.0
2009-07-31,302169.0
2009-08-31,302802.0
2009-09-30,309023.0
2009-10-31,301033.0
2009-11-30,304154.0
2009-12-31,306675.0
2010-01-31,308413.0
2010-02-28,308229.0
2010-03-31,308457.0
2010-04-30,315743.0
2010-05-31,318696.0
2010-06-30,315409.0
2010-07-31,314770.0
2010-08-31,315684.0
2010-09-30,317008.0
2010-10-31,320014.0
2010-11-30,323990.0
2010-12-31,327341.0
2011-01-31,329670.0
2011-02-28,332141.0
2011-03-31,334635.0
2011-04-30,337892.0
2011-05-31,339711.0
2011-06-30,338974.0
2011-07-31,341643.0
2011-08-31,341321.0
2011-09-30,341973.0
2011-10-31,345554.0
2011-11-30,347691.0
2011-12-31,349082.0
2012-01-31,349646.0
2012-02-29,352564.0
2012-03-31,357350.0
2012-04-30,358627.0
2012-05-31,356607.0
2012-06-30,355867.0
2012-07-31,352053.0
2012-08-31,353688.0
2012-09-30,358499.0
2012-10-31,361272.0
2012-11-30,361685.0
2012-12-31,362788.0
2013-01-31,364127.0
2013-02-28,366967.0
2013-03-31,372138.0
2013-04-30,368962.0
2013-05-31,367040.0
2013-06-30,369500.0
2013-07-31,370730.0
2013-08-31,373090.0
2013-09-30,372210.0
2013-10-31,372302.0
2013-11-30,373253.0
2013-12-31,373756.0
2014-01-31,376445.0
2014-02-28,373083.0
2014-03-31,378355.0
2014-04-30,382101.0
2014-05-31,386376.0
2014-06-30,386735.0
2014-07-31,387708.0
2014-08-31,388043.0
2014-09-30,391074.0
2014-10-31,389456.0
2014-11-30,390413.0
2014-12-31,391491.0
2015-01-31,388012.0
2015-02-28,385312.0
2015-03-31,384779.0
2015-04-30,390738.0
2015-05-31,391246.0
2015-06-30,394260.0
2015-07-31,394652.0
2015-08-31,397994.0
2015-09-30,397712.0
2015-10-31,395625.0
2015-11-30,394121.0
2015-12-31,395827.0
2016-01-31,396822.0
2016-02-29,394305.0
2016-03-31,397747.0
2016-04-30,396522.0
2016-05-31,397977.0
2016-06-30,399587.0
2016-07-31,404408.0
2016-08-31,403560.0
2016-09-30,403580.0
2016-10-31,405979.0
2016-11-30,407000.0
2016-12-31,405846.0
2017-01-31,412437.0
2017-02-28,415660.0
2017-03-31,415563.0
2017-04-30,414869.0
2017-05-31,416613.0
2017-06-30,414253.0
2017-07-31,416255.0
2017-08-31,416403.0
2017-09-30,416861.0
2017-10-31,426256.0
2017-11-30,426561.0
2017-12-31,431085.0
2018-01-31,433299.0
2018-02-28,431006.0
2018-03-31,433647.0
2018-04-30,432774.0
2018-05-31,434998.0
2018-06-30,440091.0
2018-07-31,437762.0
2018-08-31,440024.0
2018-09-30,439439.0
2018-10-31,438880.0
2018-11-30,443924.0
2018-12-31,445847.0
2019-01-31,435613.0
2019-02-28,438860.0
2019-03-31,439249.0
2019-04-30,446687.0
2019-05-31,446833.0
2019-06-30,449524.0
2019-07-31,449409.0
2019-08-31,453221.0
2019-09-30,456082.0
2019-10-31,452230.0
2019-11-30,453365.0
2019-12-31,456587.0
2020-01-31,457253.0
2020-02-29,456420.0
2020-03-31,456401.0
2020-04-30,429196.0
2020-05-31,376918.0
2020-06-30,443726.0
2020-07-31,473811.0
2020-08-31,480116.0
2020-09-30,482243.0
2020-10-31,491386.0
2020-11-30,489705.0
2020-12-31,487287.0
2021-01-31,495533.0
2021-02-28,511693.0
2021-03-31,498200.0
2021-04-30,550963.0
2021-05-31,554420.0
2021-06-30,545289.0
2021-07-31,548693.0
2021-08-31,537817.0
2021-09-30,542140.0
2021-10-31,545726.0
2021-11-30,555517.0
2021-12-31,562175.0
2022-01-31,558148.0
2022-02-28,571325.0
2022-03-31,574609.0
2022-04-30,585912.0
2022-05-31,592141.0
2022-06-30,589282.0
2022-07-31,593360.0
2022-08-31,589039.0
2022-09-30,590987.0
2022-10-31,588894.0
2022-11-30,595839.0
2022-12-31,588309.0
2023-01-31,581749.0
2023-02-28,603496.0
2023-03-31,598274.0
2023-04-30,590606.0
2023-05-31,594962.0
2023-06-30,596688.0
2023-07-31,598006.0
2023-08-31,599270.0
2023-09-30,604187.0
2023-10-31,609130.0
2023-11-30,606170.0
2023-12-31,602896.0
2024-01-31,605203.0
2024-02-29,600936.0
2024-03-31,605643.0
2024-04-30,608662.0
2024-05-31,608458.0
2024-06-30,610010.0
2024-07-31,607986.0
2024-08-31,615960.0
2024-09-30,614535.0
2024-10-31,620104.0
2024-11-30,623269.0
2024-12-31,627443.0
2025-01-31,633359.0
2025-02-28,625480.0
2025-03-31,627898.0
